https://bouldercounty.gov/,
https://bouldercounty.gov/author/bhalpin/,
https://bouldercounty.gov/boulder-county-survey-benchmarks-2022-marshall-fire-area/,
https://bouldercounty.gov/climate/,
https://bouldercounty.gov/climate/electric-vehicles/,
https://bouldercounty.gov/climate/energy-smart/,
https://bouldercounty.gov/climate/impacts/,
https://bouldercounty.gov/climate/nature-based-solutions/,
https://bouldercounty.gov/climate/newsletters/,
https://bouldercounty.gov/climate/partners-for-a-clean-environment/,
https://bouldercounty.gov/climate/press/,
https://bouldercounty.gov/climate/projects/,
https://bouldercounty.gov/climate/reports/,
https://bouldercounty.gov/climate/staff/,
https://bouldercounty.gov/climate/sustainability-plan/,
https://bouldercounty.gov/climate/transportation/,
https://bouldercounty.gov/climate/zero-waste-funding/,
https://bouldercounty.gov/complaint-procedures/,
https://bouldercounty.gov/departments,
https://bouldercounty.gov/departments/,
https://bouldercounty.gov/departments/assessor,
https://bouldercounty.gov/departments/assessor/,
https://bouldercounty.gov/departments/clerk-and-recorder,
https://bouldercounty.gov/departments/clerk-and-recorder/,
https://bouldercounty.gov/departments/clerk-and-recorder/news/,
https://bouldercounty.gov/departments/commissioners/,
https://bouldercounty.gov/departments/commissioners/consortium-of-cities/,
https://bouldercounty.gov/departments/commissioners/consortium-of-cities/local-minimum-wage-working-group/,
https://bouldercounty.gov/departments/commissioners/gun-violence-prevention-ordinances/,
https://bouldercounty.gov/departments/commissioners/legislative-affairs/,
https://bouldercounty.gov/departments/commissioners/policy-legislative-affairs/,
https://bouldercounty.gov/departments/commissioners/policy-legislative-affairs/legislative-priorities-2025/,
https://bouldercounty.gov/departments/commissioners/strategic-priorities/,
https://bouldercounty.gov/departments/community-planning-permitting/,
https://bouldercounty.gov/departments/community-planning-permitting/short-term-dwelling-vacation-rental-licensing/,
https://bouldercounty.gov/departments/community-planning-permitting/staff-directory/,
https://bouldercounty.gov/departments/community-services/,
https://bouldercounty.gov/departments/community-services/area-agency-aging/,
https://bouldercounty.gov/departments/community-services/area-agency-aging/advocacy/,
https://bouldercounty.gov/departments/community-services/area-agency-aging/caregiver/,
https://bouldercounty.gov/departments/community-services/area-agency-aging/community-living-programs/,
https://bouldercounty.gov/departments/community-services/area-agency-aging/elder-rights/,
https://bouldercounty.gov/departments/community-services/area-agency-aging/falls-prevention/,
https://bouldercounty.gov/departments/community-services/area-agency-aging/healthy-aging-programs/,
https://bouldercounty.gov/departments/community-services/area-agency-aging/lgbt/,
https://bouldercounty.gov/departments/community-services/area-agency-aging/long-term-care-ombudsman/,
https://bouldercounty.gov/departments/community-services/area-agency-aging/medicare-counseling/,
https://bouldercounty.gov/departments/community-services/area-agency-aging/medicare-savings-program/,
https://bouldercounty.gov/departments/community-services/area-agency-aging/oa-food-resources/,
https://bouldercounty.gov/departments/community-services/area-agency-aging/project-visibility/,
https://bouldercounty.gov/departments/community-services/area-agency-aging/research-surveys-plans/,
https://bouldercounty.gov/departments/community-services/area-agency-aging/servicios/,
https://bouldercounty.gov/departments/community-services/area-agency-aging/volunteer-opportunities/,
https://bouldercounty.gov/departments/community-services/child-protection-review-services/,
https://bouldercounty.gov/departments/community-services/community-action-programs/,
https://bouldercounty.gov/departments/community-services/community-action-programs/cultural-brokers-program/,
https://bouldercounty.gov/departments/community-services/community-action-programs/perl/,
https://bouldercounty.gov/departments/community-services/community-action-programs/personal-investment-enterprise/,
https://bouldercounty.gov/departments/community-services/community-justice-services/,
https://bouldercounty.gov/departments/community-services/community-services-information/,
https://bouldercounty.gov/departments/community-services/head-start/,
https://bouldercounty.gov/departments/community-services/head-start/dagny/,
https://bouldercounty.gov/departments/community-services/head-start/sunflower/,
https://bouldercounty.gov/departments/community-services/head-start/woodlands/,
https://bouldercounty.gov/departments/community-services/homeless/,
https://bouldercounty.gov/departments/community-services/homeless/homeless-services/,
https://bouldercounty.gov/departments/community-services/homeless/homeless-solutions-for-boulder-county/,
https://bouldercounty.gov/departments/community-services/homeless/project-recovery/,
https://bouldercounty.gov/departments/community-services/homeless/project-recovery/homeless-dashboard/,
https://bouldercounty.gov/departments/community-services/hs-policy-council/,
https://bouldercounty.gov/departments/community-services/strategic-initiatives/,
https://bouldercounty.gov/departments/community-services/strategic-initiatives/behavioral-health-roadmap/,
https://bouldercounty.gov/departments/community-services/strategic-initiatives/boulder-county-region-opioid-settlement-dollars/,
https://bouldercounty.gov/departments/community-services/strategic-initiatives/boulder-county-region-opioid-settlement-faqs/,
https://bouldercounty.gov/departments/community-services/veterans-services/,
https://bouldercounty.gov/departments/community-services/workforce-boulder-county/,
https://bouldercounty.gov/departments/community-services/workforce-boulder-county/about-us/,
https://bouldercounty.gov/departments/community-services/workforce-boulder-county/adult-program/,
https://bouldercounty.gov/departments/community-services/workforce-boulder-county/business/,
https://bouldercounty.gov/departments/community-services/workforce-boulder-county/career-resources/,
https://bouldercounty.gov/departments/community-services/workforce-boulder-county/employer-events/,
https://bouldercounty.gov/departments/community-services/workforce-boulder-county/events/,
https://bouldercounty.gov/departments/community-services/workforce-boulder-county/financial-workshops/,
https://bouldercounty.gov/departments/community-services/workforce-boulder-county/homeownership-workshops/,
https://bouldercounty.gov/departments/community-services/workforce-boulder-county/job-seekers/,
https://bouldercounty.gov/departments/community-services/workforce-boulder-county/veterans-employment-services/,
https://bouldercounty.gov/departments/community-services/workforce-boulder-county/workshops-training/,
https://bouldercounty.gov/departments/coroner/,
https://bouldercounty.gov/departments/coroner/autopsies-in-boulder-county/,
https://bouldercounty.gov/departments/coroner/clean-up-services-information/,
https://bouldercounty.gov/departments/coroner/community_events/,
https://bouldercounty.gov/departments/coroner/coroner-frequently-asked-questions/,
https://bouldercounty.gov/departments/coroner/coroner-internship-opportunities/,
https://bouldercounty.gov/departments/coroner/coroner-news-releases/,
https://bouldercounty.gov/departments/coroner/coroners-investigation-process/,
https://bouldercounty.gov/departments/coroner/data-dashboard/,
https://bouldercounty.gov/departments/coroner/family_assistance/,
https://bouldercounty.gov/departments/coroner/mortuary-information/,
https://bouldercounty.gov/departments/coroner/physician-information/,
https://bouldercounty.gov/departments/county-administrator/,
https://bouldercounty.gov/departments/county-administrator/communications-and-access/,
https://bouldercounty.gov/departments/county-administrator/human-resources/,
https://bouldercounty.gov/departments/county-administrator/human-resources/inclusive-work-environment/,
https://bouldercounty.gov/departments/county-attorney/,
https://bouldercounty.gov/departments/county-attorney/bio/,
https://bouldercounty.gov/departments/district-attorney,
https://bouldercounty.gov/departments/district-attorney/,
https://bouldercounty.gov/departments/housing-and-human-services/divisions/,
https://bouldercounty.gov/departments/housing-and-human-services/public-assistance-benefits-forms/,
https://bouldercounty.gov/departments/housing-and-human-services/safety-net-initiative/,
https://bouldercounty.gov/departments/housing-and-human-services/transparency/,
https://bouldercounty.gov/departments/housing/,
https://bouldercounty.gov/departments/housing/available-rentals/,
https://bouldercounty.gov/departments/housing/casa-de-la-esperanza/,
https://bouldercounty.gov/departments/housing/community-housing-corporation/,
https://bouldercounty.gov/departments/housing/community-wide-available-rentals/,
https://bouldercounty.gov/departments/housing/fair-housing-and-reasonable-accommodation/,
https://bouldercounty.gov/departments/housing/family-self-sufficiency/,
https://bouldercounty.gov/departments/housing/housing-authority/,
https://bouldercounty.gov/departments/housing/housing-developments/,
https://bouldercounty.gov/departments/housing/housing-developments/aspinwall/,
https://bouldercounty.gov/departments/housing/housing-developments/coffman/,
https://bouldercounty.gov/departments/housing/housing-developments/josephine-commons/,
https://bouldercounty.gov/departments/housing/housing-developments/kestrel/,
https://bouldercounty.gov/departments/housing/housing-developments/tungsten-village/,
https://bouldercounty.gov/departments/housing/housing-developments/willoughby-corner/,
https://bouldercounty.gov/departments/housing/housing-helpline/,
https://bouldercounty.gov/departments/housing/mobile-homes-program/,
https://bouldercounty.gov/departments/housing/subsidized-housing-esp/,
https://bouldercounty.gov/departments/housing/subsidized-housing/,
https://bouldercounty.gov/departments/housing/subsidized-housing/current-waitlist-openings/,
https://bouldercounty.gov/departments/housing/supportive-housing/,
https://bouldercounty.gov/departments/housing/supportive-housing/housing-stabilization-program/,
https://bouldercounty.gov/departments/human-services/,
https://bouldercounty.gov/departments/human-services/boulder-county-connect/,
https://bouldercounty.gov/departments/human-services/contact-us/,
https://bouldercounty.gov/departments/human-services/education-skill-building/,
https://bouldercounty.gov/departments/human-services/intellectual-and-developmental-disabilities-advisory-council/,
https://bouldercounty.gov/departments/human-services/public-assistance-benefits-forms/,
https://bouldercounty.gov/departments/land-use/,
https://bouldercounty.gov/departments/land-use/short-term-dwelling-vacation-rental-licensing/,
https://bouldercounty.gov/departments/parks-and-open-space/,
https://bouldercounty.gov/departments/parks-and-open-space/50th-anniversary/,
https://bouldercounty.gov/departments/parks-and-open-space/voices-of-open-space-podcast/,
https://bouldercounty.gov/departments/public-health/,
https://bouldercounty.gov/departments/public-health/communicable-disease-and-emergency-management-division/,
https://bouldercounty.gov/departments/public-health/communicable-disease-and-emergency-management-division/measles/,
https://bouldercounty.gov/departments/public-health/community-health-division/,
https://bouldercounty.gov/departments/public-health/environmental-health-division/,
https://bouldercounty.gov/departments/public-health/health-data-resources/,
https://bouldercounty.gov/departments/sheriff/,
https://bouldercounty.gov/departments/sheriff/administration/,
https://bouldercounty.gov/departments/sheriff/command-staff-contact/,
https://bouldercounty.gov/departments/sheriff/contact-us/,
https://bouldercounty.gov/departments/sheriff/mission-statement/,
https://bouldercounty.gov/departments/sheriff/past-and-present/,
https://bouldercounty.gov/departments/sheriff/support/,
https://bouldercounty.gov/departments/treasurer,
https://bouldercounty.gov/departments/treasurer/,
https://bouldercounty.gov/disasters,
https://bouldercounty.gov/disasters/,
https://bouldercounty.gov/disasters/fire-recovery-resources/,
https://bouldercounty.gov/disasters/flood-recovery-resources/,
https://bouldercounty.gov/disasters/flood-recovery/,
https://bouldercounty.gov/disasters/floodpreparation/2013-flood/,
https://bouldercounty.gov/disasters/floodpreparation/creek-restoration/,
https://bouldercounty.gov/disasters/wildfires/,
https://bouldercounty.gov/disasters/wildfires/maps-and-videos/,
https://bouldercounty.gov/disasters/wildfires/marshall-sp/,
https://bouldercounty.gov/disasters/wildfires/marshall/,
https://bouldercounty.gov/disasters/wildfires/marshall/finances-and-rebates-sp/,
https://bouldercounty.gov/disasters/wildfires/mitigation/,
https://bouldercounty.gov/disasters/wildfires/mitigation/community-wildfire-protection-plan/,
https://bouldercounty.gov/disasters/wildfires/mitigation/forest-and-grasslands-management,
https://bouldercounty.gov/disasters/wildfires/mitigation/forest-and-grasslands-management/,
https://bouldercounty.gov/disasters/wildfires/mitigation/strategic-fuels-mitigation-grant-program/,
https://bouldercounty.gov/disasters/wildfires/mitigation/wildfire-mitigation-code-requirements/,
https://bouldercounty.gov/disasters/wildfires/mitigation/wildfire-mitigation-programs/,
https://bouldercounty.gov/disasters/wildfires/mitigation/wildfire-mitigation-sales-tax-1a-programs,
https://bouldercounty.gov/disasters/wildfires/mitigation/wildfire-mitigation-sales-tax-1a-programs/,
https://bouldercounty.gov/disasters/wildfires/mitigation/wildfire-resources-and-information,
https://bouldercounty.gov/disasters/wildfires/mitigation/wildfire-resources-and-information/,
https://bouldercounty.gov/disasters/wildfires/preparing-for-a-wildfire/,
https://bouldercounty.gov/disasters/wildfires/stone-canyon-lake-shore-fires/,
https://bouldercounty.gov/district-attorney/,
https://bouldercounty.gov/district-attorney/bias-and-hate-motivated-crimes/,
https://bouldercounty.gov/district-attorney/boulder-county-investigation-team/,
https://bouldercounty.gov/district-attorney/community-protection/,
https://bouldercounty.gov/district-attorney/conviction-integrity-unit/,
https://bouldercounty.gov/district-attorney/county-court-division/,
https://bouldercounty.gov/district-attorney/creditcardpayment/,
https://bouldercounty.gov/district-attorney/crime-victim-assistance-program/,
https://bouldercounty.gov/district-attorney/crime-victim-assistance-program/restraining-orders/,
https://bouldercounty.gov/district-attorney/dei-statement/,
https://bouldercounty.gov/district-attorney/derechos-de-los-inmigrantes-en-el-sistema-judicial-del-condado-de-boulder/,
https://bouldercounty.gov/district-attorney/discovery-unit/,
https://bouldercounty.gov/district-attorney/district-attorney-policy-immigration-collateral-consequences/,
https://bouldercounty.gov/district-attorney/district-attorney-staff-list/,
https://bouldercounty.gov/district-attorney/district-attorneys-office-holiday-schedule/,
https://bouldercounty.gov/district-attorney/district-court-division,
https://bouldercounty.gov/district-attorney/district-court-division/,
https://bouldercounty.gov/district-attorney/diversion,
https://bouldercounty.gov/district-attorney/diversion/,
https://bouldercounty.gov/district-attorney/events/,
https://bouldercounty.gov/district-attorney/fresh-start/,
https://bouldercounty.gov/district-attorney/gun-safety/,
https://bouldercounty.gov/district-attorney/human-trafficking/,
https://bouldercounty.gov/district-attorney/immigrant-protection-initiatives/,
https://bouldercounty.gov/district-attorney/immigrant-rights-in-the-boulder-county-justice-system/,
https://bouldercounty.gov/district-attorney/iniciativas-para-proteger-a-los-inmigrantes/,
https://bouldercounty.gov/district-attorney/investigations-unit/,
https://bouldercounty.gov/district-attorney/juvenile-court-division/,
https://bouldercounty.gov/district-attorney/juvenile-prosecution-division/,
https://bouldercounty.gov/district-attorney/past-and-present/,
https://bouldercounty.gov/district-attorney/pearl-street-case/,
https://bouldercounty.gov/district-attorney/politica-sobre-las-consecuencias-colaterales-de-la-inmigracion/,
https://bouldercounty.gov/district-attorney/priorities-for-the-future/,
https://bouldercounty.gov/district-attorney/public-opinion-and-media,
https://bouldercounty.gov/district-attorney/public-opinion-and-media/,
https://bouldercounty.gov/district-attorney/restitution-unit/,
https://bouldercounty.gov/district-attorney/restorative-justice/,
https://bouldercounty.gov/district-attorney/sealing-dui-cases/,
https://bouldercounty.gov/district-attorney/volunteers/,
https://bouldercounty.gov/district-attorney/witness-assistance-program/,
https://bouldercounty.gov/elections/,
https://bouldercounty.gov/elections/ballot-information/,
https://bouldercounty.gov/elections/by-year/,
https://bouldercounty.gov/elections/by-year/2004-election/,
https://bouldercounty.gov/elections/by-year/2005-election/,
https://bouldercounty.gov/elections/by-year/2006-election/,
https://bouldercounty.gov/elections/by-year/2007-election/,
https://bouldercounty.gov/elections/by-year/2008-election/,
https://bouldercounty.gov/elections/by-year/2009-election/,
https://bouldercounty.gov/elections/by-year/2010-election/,
https://bouldercounty.gov/elections/by-year/2011-election/,
https://bouldercounty.gov/elections/by-year/2012-election/,
https://bouldercounty.gov/elections/by-year/2013-election/,
https://bouldercounty.gov/elections/by-year/2014-election/,
https://bouldercounty.gov/elections/by-year/2015-election/,
https://bouldercounty.gov/elections/by-year/2016-election/,
https://bouldercounty.gov/elections/by-year/2017-election/,
https://bouldercounty.gov/elections/by-year/2018-election/,
https://bouldercounty.gov/elections/by-year/2019-election/,
https://bouldercounty.gov/elections/by-year/2020-election/,
https://bouldercounty.gov/elections/by-year/2021-election/,
https://bouldercounty.gov/elections/by-year/2022-election/,
https://bouldercounty.gov/elections/by-year/2023-election/,
https://bouldercounty.gov/elections/by-year/2024-election/,
https://bouldercounty.gov/elections/conozca-sus-derechos-de-votacion/,
https://bouldercounty.gov/elections/contact/,
https://bouldercounty.gov/elections/election-night-and-beyond/,
https://bouldercounty.gov/elections/information/,
https://bouldercounty.gov/elections/information/2025-candidates-and-ballot-issues/,
https://bouldercounty.gov/elections/information/2025-federal-activity/,
https://bouldercounty.gov/elections/information/ballot-drop-boxes/,
https://bouldercounty.gov/elections/information/ballot-services/,
https://bouldercounty.gov/elections/information/county-candidate-information-guide/,
https://bouldercounty.gov/elections/information/displacedvoters/,
https://bouldercounty.gov/elections/information/election-positions/,
https://bouldercounty.gov/elections/information/elections-faq/,
https://bouldercounty.gov/elections/information/electionsecurity/,
https://bouldercounty.gov/elections/information/high-school-liaison/,
https://bouldercounty.gov/elections/information/high-school-resources/,
https://bouldercounty.gov/elections/information/legislative-highlights-2021/,
https://bouldercounty.gov/elections/information/legislative-highlights-2022/,
https://bouldercounty.gov/elections/information/legislative-highlights-2023/,
https://bouldercounty.gov/elections/information/media-policy/,
https://bouldercounty.gov/elections/information/running-for-office/,
https://bouldercounty.gov/elections/information/spanish-version-election-information/,
https://bouldercounty.gov/elections/information/student-democracy-program/,
https://bouldercounty.gov/elections/information/vote-centers/,
https://bouldercounty.gov/elections/information/voting-locations/,
https://bouldercounty.gov/elections/information/voting-system-purchase/,
https://bouldercounty.gov/elections/know-your-voting-rights/,
https://bouldercounty.gov/elections/maps-and-data/,
https://bouldercounty.gov/elections/maps-and-data/data-access/,
https://bouldercounty.gov/elections/maps-and-data/maps/,
https://bouldercounty.gov/elections/new-voters/,
https://bouldercounty.gov/elections/register/,
https://bouldercounty.gov/elections/register/ballottrax/,
https://bouldercounty.gov/elections/register/military-and-overseas-voters/,
https://bouldercounty.gov/elections/register/student-voting/,
https://bouldercounty.gov/elections/register/voter-withdraw-registration/,
https://bouldercounty.gov/elections/results/,
https://bouldercounty.gov/elections/voter-registration-form-instructions/,
https://bouldercounty.gov/environment/,
https://bouldercounty.gov/environment/air/,
https://bouldercounty.gov/environment/air/home-gas-detection/,
https://bouldercounty.gov/environment/air/oil-gas-development-air-quality/,
https://bouldercounty.gov/environment/air/ozone/,
https://bouldercounty.gov/environment/air/what-you-can-do-to-protect-our-air/,
https://bouldercounty.gov/environment/air/wildfire-air-quality-and-health/,
https://bouldercounty.gov/environment/air/wood-smoke-impacts/,
https://bouldercounty.gov/environment/composting/,
https://bouldercounty.gov/environment/composting/back-yard-composting/,
https://bouldercounty.gov/environment/composting/compost-workshops/,
https://bouldercounty.gov/environment/composting/composting-changes-faqs/,
https://bouldercounty.gov/environment/composting/county-composting-facility/,
https://bouldercounty.gov/environment/composting/worm-bin-composting/,
https://bouldercounty.gov/environment/composting/yard-waste-and-food-scrap-drop-off/,
https://bouldercounty.gov/environment/hazardous-waste/,
https://bouldercounty.gov/environment/hazardous-waste/about-household-hazardous-waste,
https://bouldercounty.gov/environment/hazardous-waste/about-household-hazardous-waste/,
https://bouldercounty.gov/environment/hazardous-waste/accepted/,
https://bouldercounty.gov/environment/hazardous-waste/batteries/,
https://bouldercounty.gov/environment/hazardous-waste/compact-fluorescent-lights/,
https://bouldercounty.gov/environment/hazardous-waste/disposal-for-businesses,
https://bouldercounty.gov/environment/hazardous-waste/disposal-for-businesses/,
https://bouldercounty.gov/environment/hazardous-waste/educational-materials/,
https://bouldercounty.gov/environment/hazardous-waste/frequently-asked-questions/,
https://bouldercounty.gov/environment/hazardous-waste/management-facility/,
https://bouldercounty.gov/environment/hazardous-waste/reuse-in-action-contest/,
https://bouldercounty.gov/environment/hazardous-waste/safer-cleaning-products/,
https://bouldercounty.gov/environment/healthy-home/,
https://bouldercounty.gov/environment/healthy-home/asbestos/,
https://bouldercounty.gov/environment/healthy-home/carbon-monoxide/,
https://bouldercounty.gov/environment/healthy-home/dust-health-concerns/,
https://bouldercounty.gov/environment/healthy-home/lead/,
https://bouldercounty.gov/environment/healthy-home/mold/,
https://bouldercounty.gov/environment/healthy-home/quit-curriculum-for-wellness-coaches/,
https://bouldercounty.gov/environment/healthy-home/radon/,
https://bouldercounty.gov/environment/healthy-home/risky-foods-and-practices/,
https://bouldercounty.gov/environment/healthy-home/tobacco-espanol/,
https://bouldercounty.gov/environment/healthy-home/tobacco/,
https://bouldercounty.gov/environment/healthy-home/tobacco/vapeaware/,
https://bouldercounty.gov/environment/recycle/,
https://bouldercounty.gov/environment/recycle/construction-and-demolition/,
https://bouldercounty.gov/environment/recycle/drop-off-centers/,
https://bouldercounty.gov/environment/recycle/electronic-waste/,
https://bouldercounty.gov/environment/recycle/materials-list,
https://bouldercounty.gov/environment/recycle/materials-list/,
https://bouldercounty.gov/environment/recycle/rebates/,
https://bouldercounty.gov/environment/recycle/recyclerow/,
https://bouldercounty.gov/environment/recycle/recycling-center/,
https://bouldercounty.gov/environment/recycle/recycling-center/tours/,
https://bouldercounty.gov/environment/recycle/resource-conservation/,
https://bouldercounty.gov/environment/recycle/resource-conservation/campaigns/,
https://bouldercounty.gov/environment/recycle/resource-conservation/videos/,
https://bouldercounty.gov/environment/recycle/resource-conservation/zero-waste/,
https://bouldercounty.gov/environment/recycle/resource-conservation/zero-waste/plastic-pollution-reduction-act/,
https://bouldercounty.gov/environment/recycle/zero-waste-for-businesses/,
https://bouldercounty.gov/environment/recycle/zero-waste-for%20businesses/,
https://bouldercounty.gov/environment/sustainability/,
https://bouldercounty.gov/environment/sustainability/sustainability-plan/climate-action/,
https://bouldercounty.gov/environment/sustainability/waste-services/zero-waste/,
https://bouldercounty.gov/environment/trash/,
https://bouldercounty.gov/environment/trash/allenspark-transfer-and-recycle/,
https://bouldercounty.gov/environment/trash/hauler-license/,
https://bouldercounty.gov/environment/trash/hauler-ordinance/,
https://bouldercounty.gov/environment/trash/nederland-transfer-and-recycle/,
https://bouldercounty.gov/environment/water/,
https://bouldercounty.gov/environment/water/blue-green-algae/,
https://bouldercounty.gov/environment/water/drinking-water/,
https://bouldercounty.gov/environment/water/keep-it-clean-partnership/,
https://bouldercounty.gov/environment/water/private-wells-and-water-quality/,
https://bouldercounty.gov/environment/water/septicsmart/,
https://bouldercounty.gov/environment/water/septicsmart/check-septic-records/,
https://bouldercounty.gov/environment/water/septicsmart/licensed-professionals/,
https://bouldercounty.gov/environment/water/stormwater-quality-protection/,
https://bouldercounty.gov/environment/water/understanding-water-rights/,
https://bouldercounty.gov/environment/water/water-testing/,
https://bouldercounty.gov/environment/water/west-nile-virus/,
https://bouldercounty.gov/environment/water/west-nile-virus/personal-west-nile-virus-prevention/,
https://bouldercounty.gov/event/astronomy-the-pleiades/,
https://bouldercounty.gov/event/birds-of-prey-driving-tour-7/,
https://bouldercounty.gov/event/board-of-adjustment-public-meeting-20251105/,
https://bouldercounty.gov/event/bocc-public-hearing-docket-spr-25-0017-perkins-lantz-additions-and-shop/,
https://bouldercounty.gov/event/bocc-public-meeting-zon-22-0117-1561-s-foothills-hwy-b8/,
https://bouldercounty.gov/event/boulder-county-commissioners-monthly-public-comment-hybrid-3/,
https://bouldercounty.gov/event/boulder-county-commissioners-monthly-public-comment-hybrid-4/2025-12-04/,
https://bouldercounty.gov/event/boulder-county-commissioners-monthly-public-comment-hybrid-4/2026-01-01/,
https://bouldercounty.gov/event/boulder-county-commissioners-monthly-public-comment-hybrid-4/2026-02-05/,
https://bouldercounty.gov/event/boulder-county-commissioners-monthly-public-comment-hybrid-4/2026-03-05/,
https://bouldercounty.gov/event/boulder-county-commissioners-monthly-public-comment-hybrid-4/2026-04-02/,
https://bouldercounty.gov/event/boulder-county-commissioners-monthly-public-comment-hybrid-4/2026-05-07/,
https://bouldercounty.gov/event/boulder-county-commissioners-monthly-public-comment-hybrid-4/2026-06-04/,
https://bouldercounty.gov/event/boulder-county-commissioners-monthly-public-comment-hybrid-4/2026-07-02/,
https://bouldercounty.gov/event/boulder-county-commissioners-monthly-public-comment-hybrid-4/2026-08-06/,
https://bouldercounty.gov/event/boulder-county-commissioners-monthly-public-comment-hybrid-4/2026-09-03/,
https://bouldercounty.gov/event/boulder-potters-guild-fall-pottery-show-and-sale/,
https://bouldercounty.gov/event/career-exploration-22/,
https://bouldercounty.gov/event/discover-ron-stewart-preserve-at-rabbit-mountain/,
https://bouldercounty.gov/event/emergency-services-grant-program-advisory-committee-meeting-virtual/,
https://bouldercounty.gov/event/historic-preservation-advisory-board-hpab-virtual-meeting-20251106/,
https://bouldercounty.gov/event/pathways-out-of-debt-12/,
https://bouldercounty.gov/event/public-meeting-2026-budget-work-session/,
https://bouldercounty.gov/event/public-meeting-on-home-ownership-in-colorado/,
https://bouldercounty.gov/event/story-in-the-rocks-the-geological-history-of-boulder-county/,
https://bouldercounty.gov/event/thoughtful-money-management-5/,
https://bouldercounty.gov/events,
https://bouldercounty.gov/events/,
https://bouldercounty.gov/events/board-of-review-public-meeting-20250108/,
https://bouldercounty.gov/events/bocc-public-hearing-us-287-vision-zero-safety-mobility-study/,
https://bouldercounty.gov/events/category/community-planning-permitting/,
https://bouldercounty.gov/events/category/community-planning-permitting/board-of-adjustment/,
https://bouldercounty.gov/events/category/county-commissioners/,
https://bouldercounty.gov/events/category/home-page/,
https://bouldercounty.gov/events/list/,
https://bouldercounty.gov/events/list/page/2/,
https://bouldercounty.gov/events/month/,
https://bouldercounty.gov/events/photo/,
https://bouldercounty.gov/events/summary/,
https://bouldercounty.gov/events/tag/public-comment/,
https://bouldercounty.gov/events/today/,
https://bouldercounty.gov/events/winter-ecology-hike/,
https://bouldercounty.gov/families/,
https://bouldercounty.gov/families/addiction/,
https://bouldercounty.gov/families/addiction/addiction-recovery-centers/,
https://bouldercounty.gov/families/addiction/binge-drinking/,
https://bouldercounty.gov/families/addiction/community-substance-abuse-prevention/,
https://bouldercounty.gov/families/addiction/healthy-futures-coalition/,
https://bouldercounty.gov/families/addiction/help-for-someone-abusing-drugs-or-alcohol/,
https://bouldercounty.gov/families/addiction/high-risk-drinking/,
https://bouldercounty.gov/families/addiction/marijuana-health-impacts/,
https://bouldercounty.gov/families/addiction/opioid-advisory-group/,
https://bouldercounty.gov/families/addiction/restoring-our-communities/,
https://bouldercounty.gov/families/addiction/substance-use-and-athletic-performance/,
https://bouldercounty.gov/families/addiction/substance-use-and-mental-health-resources/,
https://bouldercounty.gov/families/addiction/treatment-commitments/,
https://bouldercounty.gov/families/addiction/xylazine/,
https://bouldercounty.gov/families/addiction/youth-substance-use-prevention/,
https://bouldercounty.gov/families/child/,
https://bouldercounty.gov/families/child/child-protection-services/,
https://bouldercounty.gov/families/child/child-support-services/,
https://bouldercounty.gov/families/child/child-welfare/,
https://bouldercounty.gov/families/child/complaint-process/,
https://bouldercounty.gov/families/disease/,
https://bouldercounty.gov/families/disease/bed-bugs/,
https://bouldercounty.gov/families/disease/body-art-program/,
https://bouldercounty.gov/families/disease/covid-19-information/%E2%80%AF,
https://bouldercounty.gov/families/disease/covid-19-information/testing/,
https://bouldercounty.gov/families/disease/covid-19/,
https://bouldercounty.gov/families/disease/covid-19/covid-19-resources/,
https://bouldercounty.gov/families/disease/el-programa-works/,
https://bouldercounty.gov/families/disease/epi-connections-newsletter/,
https://bouldercounty.gov/families/disease/hantavirus/,
https://bouldercounty.gov/families/disease/hiv-sti-outreach-program/,
https://bouldercounty.gov/families/disease/immunization-clinics/,
https://bouldercounty.gov/families/disease/influenza/,
https://bouldercounty.gov/families/disease/informacion-covid-19/,
https://bouldercounty.gov/families/disease/informacion-covid-19/covid-19-datos-estadisticas/covid-19-personas-enfermas/,
https://bouldercounty.gov/families/disease/informacion-covid-19/quarantine-isolation-spanish/,
https://bouldercounty.gov/families/disease/informacion-covid-19/testing-spanish/,
https://bouldercounty.gov/families/disease/mpx/,
https://bouldercounty.gov/families/disease/narcan/,
https://bouldercounty.gov/families/disease/overdose-prevention-and-response/,
https://bouldercounty.gov/families/disease/pertussis-vaccine/,
https://bouldercounty.gov/families/disease/plague/,
https://bouldercounty.gov/families/disease/rabies/,
https://bouldercounty.gov/families/disease/recommended-covid-19-precautions/,
https://bouldercounty.gov/families/disease/report-a-disease/,
https://bouldercounty.gov/families/disease/safe-disposal-of-syringes/,
https://bouldercounty.gov/families/disease/safely-dispose-of-unwanted-medication-and-syringes/,
https://bouldercounty.gov/families/disease/sexually-transmitted-infection-testing-and-counseling-centers/,
https://bouldercounty.gov/families/disease/the-works-program/,
https://bouldercounty.gov/families/disease/travel-clinics/,
https://bouldercounty.gov/families/disease/tuberculosis/,
https://bouldercounty.gov/families/disease/tularemia/,
https://bouldercounty.gov/families/disease/vaccines/,
https://bouldercounty.gov/families/disease/vector-control-program/,
https://bouldercounty.gov/families/disease/vector-control-prorgam/,
https://bouldercounty.gov/families/disease/veterinarian-resources/,
https://bouldercounty.gov/families/disease/works-program-referral-list/,
https://bouldercounty.gov/families/disease/zoonotic-conditions-requiring-reporting/,
https://bouldercounty.gov/families/financial/,
https://bouldercounty.gov/families/financial/aid-to-needy-disabled/,
https://bouldercounty.gov/families/financial/burial-assistance/,
https://bouldercounty.gov/families/financial/child-care-assistance-program/,
https://bouldercounty.gov/families/financial/child-support-services-esp/,
https://bouldercounty.gov/families/financial/child-support-services/,
https://bouldercounty.gov/families/financial/family-children-services/,
https://bouldercounty.gov/families/financial/financial-assistance/,
https://bouldercounty.gov/families/financial/low-income-energy-assistance/,
https://bouldercounty.gov/families/financial/old-age-pension/,
https://bouldercounty.gov/families/financial/personal-finance-coaching-esp/,
https://bouldercounty.gov/families/financial/personal-finance-coaching/,
https://bouldercounty.gov/families/financial/temporary-aid-to-needy-families/,
https://bouldercounty.gov/families/financial/temporary-assistance-for-needy-families-esp/,
https://bouldercounty.gov/families/financial/temporary-assistance-for-needy-families/,
https://bouldercounty.gov/families/food/,
https://bouldercounty.gov/families/food/causes-and-symptoms-of-foodborne-illness/,
https://bouldercounty.gov/families/food/employment-first-program/,
https://bouldercounty.gov/families/food/food-assistance-program/,
https://bouldercounty.gov/families/food/food-safety-advisory-committee/,
https://bouldercounty.gov/families/food/food-safety-at-home-and-foodborne-illness/,
https://bouldercounty.gov/families/food/food-safety-program/,
https://bouldercounty.gov/families/food/fruit-and-veg-boulder/,
https://bouldercounty.gov/families/food/housing-and-human-services-program-income-limits/,
https://bouldercounty.gov/families/food/protect-your-benefits-from-theft/,
https://bouldercounty.gov/families/food/quest-ebt-card/,
https://bouldercounty.gov/families/food/restaurant-inspection-data/,
https://bouldercounty.gov/families/food/retail-food-forum/,
https://bouldercounty.gov/families/food/understand-food-regulations/,
https://bouldercounty.gov/families/foster-care-adoption/,
https://bouldercounty.gov/families/foster-care/,
https://bouldercounty.gov/families/foster-care/fostering-in-boulder-county/,
https://bouldercounty.gov/families/foster-care/kinship-support/,
https://bouldercounty.gov/families/foster-care/post-adoption-program/,
https://bouldercounty.gov/families/foster-care/waiting-children/,
https://bouldercounty.gov/families/get-involved/,
https://bouldercounty.gov/families/housing/,
https://bouldercounty.gov/families/housing/affordable-rentals/,
https://bouldercounty.gov/families/housing/energy-conservation/low-income-energy-assistance/,
https://bouldercounty.gov/families/housing/personal-finance-coaching/,
https://bouldercounty.gov/families/housing/rental-properties/details/1130-s-kestrel-ln/,
https://bouldercounty.gov/families/housing/rental-properties/details/1130-s-kestrel/,
https://bouldercounty.gov/families/housing/rental-properties/details/1327-sumner-street/,
https://bouldercounty.gov/families/housing/rental-properties/details/1450-lincoln-ave/,
https://bouldercounty.gov/families/housing/rental-properties/details/1890-kaylix-ave/,
https://bouldercounty.gov/families/housing/rental-properties/details/1996-kaylix-ave/,
https://bouldercounty.gov/families/housing/rental-properties/details/2330-wedgewood-ave-unit-12c/,
https://bouldercounty.gov/families/housing/rental-properties/details/2330-wedgewood-ave/,
https://bouldercounty.gov/families/housing/rental-properties/details/300-s-carr-ave/,
https://bouldercounty.gov/families/housing/rental-properties/details/333-hwy-72/,
https://bouldercounty.gov/families/housing/rental-properties/details/450-s-carr-ave/,
https://bouldercounty.gov/families/housing/rental-properties/details/455-n-burlington-120/,
https://bouldercounty.gov/families/housing/rental-properties/details/509-west-geneseo/,
https://bouldercounty.gov/families/housing/rental-properties/details/518-coffman-street/,
https://bouldercounty.gov/families/housing/rental-properties/details/718-w-geneseo/,
https://bouldercounty.gov/families/housing/rental-properties/details/745-w-cleveland-cir/,
https://bouldercounty.gov/families/housing/rental-properties/details/regal-court/,
https://bouldercounty.gov/families/housing/rental-properties/details/s-kestrel-ln-unit-121/,
https://bouldercounty.gov/families/housing/rental-properties/details/wc-978-canterbury-drive-2/,
https://bouldercounty.gov/families/housing/rental-properties/details/wc-978-canterbury-drive/,
https://bouldercounty.gov/families/lgbtiq/,
https://bouldercounty.gov/families/lgbtiq/oasos/,
https://bouldercounty.gov/families/lgbtqia/,
https://bouldercounty.gov/families/lgbtqia/lgbtqia-resouces/,
https://bouldercounty.gov/families/lgbtqia/oasos/,
https://bouldercounty.gov/families/lgbtqia/to-the-root/,
https://bouldercounty.gov/families/lgbtqia/trans-resources-in-boulder-county/,
https://bouldercounty.gov/families/medical/,
https://bouldercounty.gov/families/medical/child-health-plan-plus-esp/,
https://bouldercounty.gov/families/medical/child-health-plan-plus/,
https://bouldercounty.gov/families/medical/colorado-indigent-care-program/,
https://bouldercounty.gov/families/medical/early-periodic-screening-diagnosis-treatment/,
https://bouldercounty.gov/families/medical/health-coverage/,
https://bouldercounty.gov/families/medical/health-first-colorado/,
https://bouldercounty.gov/families/medical/health-insurance-assistance-esp/,
https://bouldercounty.gov/families/medical/health-insurance-assistance/,
https://bouldercounty.gov/families/medical/healthy-kids-and-adults/,
https://bouldercounty.gov/families/medical/medicare-savings-program/,Updated URL: https://bouldercounty.gov/departments/community-services/area-agency-aging/medicare-savings-program/
https://bouldercounty.gov/families/medical/treatment-commitments/,
https://bouldercounty.gov/families/pregnancy/,
https://bouldercounty.gov/families/pregnancy/abcd-partnership/,
https://bouldercounty.gov/families/pregnancy/about-genesis/,
https://bouldercounty.gov/families/pregnancy/breastfeeding/,
https://bouldercounty.gov/families/pregnancy/child-care/,
https://bouldercounty.gov/families/pregnancy/child-care/licensing-regulations/,
https://bouldercounty.gov/families/pregnancy/child-care/referrals/,
https://bouldercounty.gov/families/pregnancy/child-health-promotion-program/,
https://bouldercounty.gov/families/pregnancy/children-with-special-needs-program/,
https://bouldercounty.gov/families/pregnancy/families-health-division/,
https://bouldercounty.gov/families/pregnancy/farm-camp-health-and-safety/,
https://bouldercounty.gov/families/pregnancy/farmers-market-double-up-food-bucks/,
https://bouldercounty.gov/families/pregnancy/for-parents-of-teens/,
https://bouldercounty.gov/families/pregnancy/genesis-donations/,
https://bouldercounty.gov/families/pregnancy/genesis-program-awards/,
https://bouldercounty.gov/families/pregnancy/genesis-program-english/,
https://bouldercounty.gov/families/pregnancy/genesis-services/,
https://bouldercounty.gov/families/pregnancy/genesis-stories/,
https://bouldercounty.gov/families/pregnancy/health-benefits-of-physical-activity/,
https://bouldercounty.gov/families/pregnancy/health-inspections-for-child-care-facilities/,
https://bouldercounty.gov/families/pregnancy/immunization-providers/,
https://bouldercounty.gov/families/pregnancy/immunization-resources-for-parents/,
https://bouldercounty.gov/families/pregnancy/immunization-schedules-and-guidelines/,
https://bouldercounty.gov/families/pregnancy/immunizations/,
https://bouldercounty.gov/families/pregnancy/mujeres-bebes-y-ninos-wic/,
https://bouldercounty.gov/families/pregnancy/nurse-families-partnership-program/,
https://bouldercounty.gov/families/pregnancy/nurse-family-partnership/,
https://bouldercounty.gov/families/pregnancy/programa-genesis/,
https://bouldercounty.gov/families/pregnancy/substance-use-and-mental-health/,
https://bouldercounty.gov/families/pregnancy/think-youre-pregnant/,
https://bouldercounty.gov/families/pregnancy/women-infants-and-children/,
https://bouldercounty.gov/families/seniors/,
https://bouldercounty.gov/families/seniors/adult-protection-senior-services/,
https://bouldercounty.gov/families/seniors/long-term-care/,
https://bouldercounty.gov/families/seniors/medicare/,
https://bouldercounty.gov/families/seniors/property-and-tax-help-for-seniors/,
https://bouldercounty.gov/families/seniors/services-for-older-adults/,
https://bouldercounty.gov/families/seniors/services/,
https://bouldercounty.gov/families/seniors/services/lgbt/,
https://bouldercounty.gov/families/seniors/services/long-term-care-ombudsman/,
https://bouldercounty.gov/families/youth/,
https://bouldercounty.gov/families/youth/all-facts-no-cap/,
https://bouldercounty.gov/families/youth/generations-sp/,
https://bouldercounty.gov/families/youth/generations/,
https://bouldercounty.gov/families/youth/genesister/,
https://bouldercounty.gov/families/youth/healthy-youth-alliance/,
https://bouldercounty.gov/families/youth/healthy-youth-alliance/parents-involved-in-education/,
https://bouldercounty.gov/families/youth/healthy-youth-alliance/resources/,
https://bouldercounty.gov/families/youth/hkcs-overview/,
https://bouldercounty.gov/families/youth/inspire-youth-connections/,
https://bouldercounty.gov/families/youth/results/,
https://bouldercounty.gov/families/youth/tobacco-and-youth/tobacco-free-schools/,
https://bouldercounty.gov/federal-impacts-to-services/,
https://bouldercounty.gov/finances-and-rebates/,
https://bouldercounty.gov/government/,
https://bouldercounty.gov/government/about-boulder-county/,
https://bouldercounty.gov/government/about-boulder-county/about-the-bocc/,
https://bouldercounty.gov/government/about-boulder-county/immigrant-resources/,
https://bouldercounty.gov/government/about-boulder-county/incorporated-municipalities/,
https://bouldercounty.gov/government/about-boulder-county/organizational-chart/,
https://bouldercounty.gov/government/about-boulder-county/public-assembly/,
https://bouldercounty.gov/government/about-boulder-county/public-opinion/,
https://bouldercounty.gov/government/about-boulder-county/recursos-para-inmigrates/,
https://bouldercounty.gov/government/about-boulder-county/unincorporated-towns/,
https://bouldercounty.gov/government/about-boulder-county/vision-statement/,
https://bouldercounty.gov/government/about-boulder-county/vision/,
https://bouldercounty.gov/government/ada-eeo-notices/,
https://bouldercounty.gov/government/ada-eeo-notices/digital-accessibility-quarterly-reports/,
https://bouldercounty.gov/government/bids-and-purchasing/bid-opportunities/,
https://bouldercounty.gov/government/boards-and-commissions/,
https://bouldercounty.gov/government/boards-and-commissions/aging-advisory-council/,
https://bouldercounty.gov/government/boards-and-commissions/board-of-adjustment/,
https://bouldercounty.gov/government/boards-and-commissions/board-of-equalization/,
https://bouldercounty.gov/government/boards-and-commissions/boulder-county-regional-homeless-systems-management/,
https://bouldercounty.gov/government/boards-and-commissions/community-action-programs-administrating-board/,
https://bouldercounty.gov/government/boards-and-commissions/extension-advisory-committee/,
https://bouldercounty.gov/government/boards-and-commissions/historic-preservation-advisory-board/,
https://bouldercounty.gov/government/boards-and-commissions/parks-and-open-space-advisory-committee/,
https://bouldercounty.gov/government/boards-and-commissions/planning-commission/,
https://bouldercounty.gov/government/boards-and-commissions/rescource-conservation-advisory-board/,
https://bouldercounty.gov/government/boards-and-commissions/vacancies/,
https://bouldercounty.gov/government/budget-and-finance/,
https://bouldercounty.gov/government/budget-and-finance/american-rescue-plan-act-arpa-2/,
https://bouldercounty.gov/government/budget-and-finance/county-budget/,
https://bouldercounty.gov/government/budget-and-finance/economic-development/,
https://bouldercounty.gov/government/budget-and-finance/financial-reports/,
https://bouldercounty.gov/government/budget-and-finance/financial-services/,
https://bouldercounty.gov/government/budget-and-finance/impuesto-sobre-las-ventas-y-uso/,
https://bouldercounty.gov/government/budget-and-finance/procurement,
https://bouldercounty.gov/government/budget-and-finance/procurement/,
https://bouldercounty.gov/government/budget-and-finance/sales-and-use-tax/,
https://bouldercounty.gov/government/connect-with-us/,
https://bouldercounty.gov/government/contact-us/,
https://bouldercounty.gov/government/contact-us/details/administration-public-health/,
https://bouldercounty.gov/government/contact-us/details/administration-sheriff/,
https://bouldercounty.gov/government/contact-us/details/adolescent-services/,
https://bouldercounty.gov/government/contact-us/details/adopt-a-county-road/,
https://bouldercounty.gov/government/contact-us/details/adoption-foster-care/,
https://bouldercounty.gov/government/contact-us/details/adult-protection/,
https://bouldercounty.gov/government/contact-us/details/air-quality-program/,
https://bouldercounty.gov/government/contact-us/details/all-emergency-calls/,
https://bouldercounty.gov/government/contact-us/details/animal-control-to-request-animal-control-response/,
https://bouldercounty.gov/government/contact-us/details/assessors-office/,
https://bouldercounty.gov/government/contact-us/details/best-program/,
https://bouldercounty.gov/government/contact-us/details/bids-and-purchasing/,
https://bouldercounty.gov/government/contact-us/details/birth-and-death-certificates-vital-records/,
https://bouldercounty.gov/government/contact-us/details/board-of-county-commissioners/,
https://bouldercounty.gov/government/contact-us/details/board-of-equalization/,
https://bouldercounty.gov/government/contact-us/details/body-art-program/,
https://bouldercounty.gov/government/contact-us/details/boulder-county-prevention-connection/,
https://bouldercounty.gov/government/contact-us/details/boulder-county-public-trustee/,
https://bouldercounty.gov/government/contact-us/details/budget-office/,
https://bouldercounty.gov/government/contact-us/details/building-permits-and-inspection/,
https://bouldercounty.gov/government/contact-us/details/building-services/,
https://bouldercounty.gov/government/contact-us/details/bus-stop-enhancement/,
https://bouldercounty.gov/government/contact-us/details/business-sustainability-program/,
https://bouldercounty.gov/government/contact-us/details/child-abuse-and-neglect/,
https://bouldercounty.gov/government/contact-us/details/child-health-promotion-chp/,
https://bouldercounty.gov/government/contact-us/details/child-support/,
https://bouldercounty.gov/government/contact-us/details/children-with-special-needs-program-csn/,
https://bouldercounty.gov/government/contact-us/details/civil-division/,
https://bouldercounty.gov/government/contact-us/details/clerk-and-recorders-office/,
https://bouldercounty.gov/government/contact-us/details/code-enforcementand-public-information/,
https://bouldercounty.gov/government/contact-us/details/coffman-site-longmont/,
https://bouldercounty.gov/government/contact-us/details/communicable-disease-control-program/,
https://bouldercounty.gov/government/contact-us/details/communications-program/,
https://bouldercounty.gov/government/contact-us/details/community-health-boulder/,
https://bouldercounty.gov/government/contact-us/details/community-health-longmont/,
https://bouldercounty.gov/government/contact-us/details/community-infant-program-cip/,
https://bouldercounty.gov/government/contact-us/details/community-services/,
https://bouldercounty.gov/government/contact-us/details/community-substance-abuse-prevention/,
https://bouldercounty.gov/government/contact-us/details/coroners-office/,
https://bouldercounty.gov/government/contact-us/details/csu-extension-office/,
https://bouldercounty.gov/government/contact-us/details/detective-division/,
https://bouldercounty.gov/government/contact-us/details/elections/,
https://bouldercounty.gov/government/contact-us/details/emergency-preparedness-program/,
https://bouldercounty.gov/government/contact-us/details/emergency-tdd-for-use-by-deaf/,
https://bouldercounty.gov/government/contact-us/details/environmental-health/,
https://bouldercounty.gov/government/contact-us/details/evidence%e2%80%91property/,
https://bouldercounty.gov/government/contact-us/details/fairgrounds/,
https://bouldercounty.gov/government/contact-us/details/family-health-boulder/,
https://bouldercounty.gov/government/contact-us/details/family-health-longmont/,
https://bouldercounty.gov/government/contact-us/details/finance/,
https://bouldercounty.gov/government/contact-us/details/food-safety-program/,
https://bouldercounty.gov/government/contact-us/details/special-event-permits-roads/,
https://bouldercounty.gov/government/contact-us/offices-and-locations-map/,
https://bouldercounty.gov/government/contact-us/staff-directory/details/alex-hyde-wright/,
https://bouldercounty.gov/government/contact-us/staff-directory/details/alyssa-conklin/,
https://bouldercounty.gov/government/contact-us/staff-directory/details/amber-knotts/,
https://bouldercounty.gov/government/contact-us/staff-directory/details/angel-bond/,
https://bouldercounty.gov/government/contact-us/staff-directory/details/ben-jackson/,
https://bouldercounty.gov/government/contact-us/staff-directory/details/bonnie-gracia/,
https://bouldercounty.gov/government/contact-us/staff-directory/details/cayley-byrne/,
https://bouldercounty.gov/government/contact-us/staff-directory/details/chad-hagen/,
https://bouldercounty.gov/government/contact-us/staff-directory/details/christa-curtiss/,
https://bouldercounty.gov/government/contact-us/staff-directory/details/christopher-dirolf/,
https://bouldercounty.gov/government/contact-us/staff-directory/details/dale-case/,
https://bouldercounty.gov/government/contact-us/staff-directory/details/danny-herrmann/,
https://bouldercounty.gov/government/contact-us/staff-directory/details/david-haines/,
https://bouldercounty.gov/government/contact-us/staff-directory/details/denise-grimm/,
https://bouldercounty.gov/government/contact-us/staff-directory/details/ethan-abner/,
https://bouldercounty.gov/government/contact-us/staff-directory/details/fabienne-dejean/,
https://bouldercounty.gov/government/contact-us/staff-directory/details/hannah-hippely/,
https://bouldercounty.gov/government/contact-us/staff-directory/details/heather-dodge/,
https://bouldercounty.gov/government/contact-us/staff-directory/details/ian-brighton/,
https://bouldercounty.gov/government/contact-us/staff-directory/details/jayde-clarke/,
https://bouldercounty.gov/government/contact-us/staff-directory/details/jie-huang/,
https://bouldercounty.gov/government/contact-us/staff-directory/details/john-holste/,
https://bouldercounty.gov/government/contact-us/staff-directory/details/joseph-jimenez/,
https://bouldercounty.gov/government/contact-us/staff-directory/details/kathy-gissel/,
https://bouldercounty.gov/government/contact-us/staff-directory/details/kelly-gray/,
https://bouldercounty.gov/government/contact-us/staff-directory/details/kristina-buckles/,
https://bouldercounty.gov/government/contact-us/staff-directory/details/landon-hilliard/,
https://bouldercounty.gov/government/contact-us/staff-directory/details/leslie-cline/,
https://bouldercounty.gov/government/contact-us/staff-directory/details/lynn-enyart/,
https://bouldercounty.gov/government/contact-us/staff-directory/details/madison-kirby/,
https://bouldercounty.gov/government/contact-us/staff-directory/details/margaret-halford/,
https://bouldercounty.gov/government/contact-us/staff-directory/details/marineth-huffaker/,
https://bouldercounty.gov/government/contact-us/staff-directory/details/maya-browning/,
https://bouldercounty.gov/government/contact-us/staff-directory/details/melissa-hunter/,
https://bouldercounty.gov/government/contact-us/staff-directory/details/michelle-huebner/,
https://bouldercounty.gov/government/contact-us/staff-directory/details/nick-aguilera/,
https://bouldercounty.gov/government/contact-us/staff-directory/details/pat-delumpa/,
https://bouldercounty.gov/government/contact-us/staff-directory/details/paul-kwiatkowski/,
https://bouldercounty.gov/government/contact-us/staff-directory/details/raina-eshleman/,
https://bouldercounty.gov/government/contact-us/staff-directory/details/richard-hackett/,
https://bouldercounty.gov/government/contact-us/staff-directory/details/ron-flax/,
https://bouldercounty.gov/government/contact-us/staff-directory/details/sarah-heller/,
https://bouldercounty.gov/government/contact-us/staff-directory/details/sean-gambrel/,
https://bouldercounty.gov/government/contact-us/staff-directory/details/stephanie-buchanan/,
https://bouldercounty.gov/government/contact-us/staff-directory/details/stephen-hennessy/,
https://bouldercounty.gov/government/contact-us/staff-directory/details/summer-frederick/,
https://bouldercounty.gov/government/contact-us/staff-directory/details/tea-flynn/,
https://bouldercounty.gov/government/contact-us/staff-directory/details/trevor-duchi/,
https://bouldercounty.gov/government/contact-us/staff-directory/details/wesley-jefferies/,
https://bouldercounty.gov/government/contact-us/staff-directory/details/zack-bertges/,
https://bouldercounty.gov/government/contact-us/submit-a-comment/,
https://bouldercounty.gov/government/county-ballot-issues/,
https://bouldercounty.gov/government/county-ballot-issues/2022-ballot-issues/boulder-library-district/,
https://bouldercounty.gov/government/elected-officials/,
https://bouldercounty.gov/government/elected-officials/assessor/,
https://bouldercounty.gov/government/elected-officials/clerk-and-recorder/,
https://bouldercounty.gov/government/elected-officials/commissioners/,
https://bouldercounty.gov/government/elected-officials/commissioners/contact-the-commissioners/,
https://bouldercounty.gov/government/elected-officials/commissioners/district-1/,
https://bouldercounty.gov/government/elected-officials/commissioners/District-2-es/,
https://bouldercounty.gov/government/elected-officials/commissioners/district-2/,
https://bouldercounty.gov/government/elected-officials/commissioners/district-3/,
https://bouldercounty.gov/government/elected-officials/coroner/,
https://bouldercounty.gov/government/elected-officials/sheriff/,
https://bouldercounty.gov/government/elected-officials/surveyor/,
https://bouldercounty.gov/government/elected-officials/treasurer/,
https://bouldercounty.gov/government/hours-of-operation/,
https://bouldercounty.gov/government/news/archived-news-releases/,
https://bouldercounty.gov/government/open-data/,
https://bouldercounty.gov/government/open-data/additional-data/,
https://bouldercounty.gov/government/open-data/definition/,
https://bouldercounty.gov/government/open-data/feedback-form/,
https://bouldercounty.gov/government/open-data/maps/,
https://bouldercounty.gov/government/open-data/open-data-policy/,
https://bouldercounty.gov/government/open-data/terms-of-use/,
https://bouldercounty.gov/government/ordinances/,
https://bouldercounty.gov/government/public-meetings/,
https://bouldercounty.gov/government/public-meetings/hearings-and-records/,
https://bouldercounty.gov/government/social-media/,
https://bouldercounty.gov/government/your-taxes-at-work/affordable-and-attainable-housing-tax/,
https://bouldercounty.gov/jobs/,
https://bouldercounty.gov/jobs/jobs-benefits/,
https://bouldercounty.gov/jobs/senior-tax-worker-program/,
https://bouldercounty.gov/jobs/sheriff/,
https://bouldercounty.gov/jobs/sheriff/dispatcher/,
https://bouldercounty.gov/jobs/youth-corps/,
https://bouldercounty.gov/jobs/youth-corps/frequently-asked-questions/,
https://bouldercounty.gov/jobs/youth-corps/staff-jobs/,
https://bouldercounty.gov/jobs/youth-corps/youth-jobs/,
https://bouldercounty.gov/mapdisclaimer,
https://bouldercounty.gov/mapdisclaimer/,
https://bouldercounty.gov/marshall-fire-mental-and-emotional-health/,
https://bouldercounty.gov/marshall-fire-recovery-milestones-spanish/,
https://bouldercounty.gov/marshall-fire-recovery-milestones/,
https://bouldercounty.gov/mv,
https://bouldercounty.gov/news,
https://bouldercounty.gov/news/,
https://bouldercounty.gov/news/13-year-old-identified-in-longmont-incident-on-08-20-2022/,
https://bouldercounty.gov/news/17-year-old-identified-from-boulder-incident-on-april-21-2025/,
https://bouldercounty.gov/news/18-year-old-identified-from-boulder-incident-on-12-04-2024/,
https://bouldercounty.gov/news/18-year-old-identified-from-boulder-on-09-13-2023/,
https://bouldercounty.gov/news/19-year-old-longmont-man-arrested-for-sexual-exploitation-of-a-child/,
https://bouldercounty.gov/news/19-year-old-male-arrested-for-sexual-exploitation-of-a-child/,
https://bouldercounty.gov/news/2-1-million-awarded-in-the-fall-2024-cycle-of-the-strategic-fuels-mitigation-grant-sfmg-program/,
https://bouldercounty.gov/news/20-year-old-identified-from-boulder-incident-on-08-23-2024/,
https://bouldercounty.gov/news/20-year-old-male-arrested-for-sexual-exploitation-of-a-child/,
https://bouldercounty.gov/news/2021-boulder-county-hazard-mitigation-plan-update-open-to-public-comment/,
https://bouldercounty.gov/news/2023-boulder-st-vrain-watershed-art-contest-winners-announced/,
https://bouldercounty.gov/news/2024-colorado-county-clerks-association-scholarship-application-information/,
https://bouldercounty.gov/news/2024-post-election-data-report-available/,
https://bouldercounty.gov/news/2025-bi-annual-drug-report-release/,
https://bouldercounty.gov/news/2025-colorado-county-clerks-association-scholarship-application-information/,
https://bouldercounty.gov/news/21-year-old-identified-from-boulder-incident-on-10-14-2024/,
https://bouldercounty.gov/news/21-year-old-identified-in-north-boulder-county-incident-on-10-30-2022/,
https://bouldercounty.gov/news/22-year-old-boulder-county-jail-inmate-identified/,
https://bouldercounty.gov/news/23-year-old-male-identified-in-lafayette-incident-on-11-26-2022/,
https://bouldercounty.gov/news/26-year-old-identified-from-longmont-incident-on-12-05-2023/,
https://bouldercounty.gov/news/27-year-old-identified-from-boulder-incident-on-12-18-2024/,
https://bouldercounty.gov/news/27-year-old-male-arrested-for-sexual-exploitation-of-a-child/,
https://bouldercounty.gov/news/28-year-old-identified-from-boulder-incident-on-09-27-2023/,
https://bouldercounty.gov/news/30-year-old-identified-from-boulder-incident-on-08-29-2023/,
https://bouldercounty.gov/news/30-year-old-identified-from-west-coal-creek-drive-incident-on-12-20-2022/,
https://bouldercounty.gov/news/32-year-old-male-arrested-for-attempted-murder/,
https://bouldercounty.gov/news/32-year-old-male-arrested-for-sexual-exploitation-of-a-child-2/,
https://bouldercounty.gov/news/32-year-old-man-arrested-for-third-degree-assault-false-imprisonment-and-child-abuse/,
https://bouldercounty.gov/news/34-year-old-identified-from-superior-incident/,
https://bouldercounty.gov/news/34-year-old-longmont-man-arrested-for-sexual-exploitation-of-a-child/,
https://bouldercounty.gov/news/34-year-old-male-arrested-for-sexual-exploitation-of-a-child-2/,
https://bouldercounty.gov/news/34-year-old-male-arrested-for-sexual-exploitation-of-a-child-3/,
https://bouldercounty.gov/news/36-year-old-identified-from-boulder-incident-on-09-16-2024/,
https://bouldercounty.gov/news/36-year-old-identified-in-barker-meadow-reservoir-incident/,
https://bouldercounty.gov/news/37-year-old-identified-from-longmont-incident-on-09-14-2023/,
https://bouldercounty.gov/news/37-year-old-longmont-man-arrested-for-sexual-exploitation-of-a-child/,
https://bouldercounty.gov/news/40-year-old-male-arrested-for-sexual-exploitation-of-a-child/,
https://bouldercounty.gov/news/41-year-old-identified-from-unincorporated-boulder-county-incident-on-05-18-2025/,
https://bouldercounty.gov/news/42-year-old-identified-from-boulder-incident-on-12-16-2024/,
https://bouldercounty.gov/news/46-year-old-identified-from-boulder-incident-on-07-12-2023/,
https://bouldercounty.gov/news/47-year-old-identified-from-martin-street-on-11-19-2022/,
https://bouldercounty.gov/news/48-year-old-male-sustains-injuries-after-falling-on-the-second-flatiron/,
https://bouldercounty.gov/news/49-year-old-identified-from-ward-incident-on-12-14-2024/,
https://bouldercounty.gov/news/49-year-old-male-arrested-for-sexual-exploitation-of-a-child/,
https://bouldercounty.gov/news/50-year-old-male-identified-from-officer-involved-incident-on-12-24-2023/,
https://bouldercounty.gov/news/51-year-old-identified-from-officer-involved-incident-in-boulder-on-12-17-2023/,
https://bouldercounty.gov/news/57-year-old-identified-from-boulder-incident-on-08-17-2024/,
https://bouldercounty.gov/news/57-year-old-male-arrested-for-sexual-exploitation-of-a-child/,
https://bouldercounty.gov/news/58-year-old-identified-from-main-street-death-in-longmont-on-10-31-2022/,
https://bouldercounty.gov/news/6-year-old-identified-from-boulder-incident-on-11-19-2023/,
https://bouldercounty.gov/news/60-year-old-identified-from-oligarchy-creek-in-longmont/,
https://bouldercounty.gov/news/60-year-old-male-identified-from-unincorporated-boulder-county-incident-on-12-19-2023/,
https://bouldercounty.gov/news/600k-in-sustainability-grants-awarded-to-communities-in-boulder-county/,
https://bouldercounty.gov/news/63-year-old-identified-from-boulder-incident-on-07-06-2023/,
https://bouldercounty.gov/news/63-year-old-identified-from-longmont-incident/,
https://bouldercounty.gov/news/63-year-old-identified-from-superior-incident-on-10-18-2024/,
https://bouldercounty.gov/news/63rd-street-closed-between-jay-and-twin-lakes-starting-november-5-for-culvert-replacement/,
https://bouldercounty.gov/news/66-year-old-identified-from-rocky-mountain-national-park-incident/,
https://bouldercounty.gov/news/68-year-old-identified-from-boulder-incident-on-11-14-2024/,
https://bouldercounty.gov/news/69-year-old-identified-from-april-23-2025-longmont-incident/,
https://bouldercounty.gov/news/69-year-old-identified-from-longmont-incident-on-11-17-2023/,
https://bouldercounty.gov/news/70-year-old-man-identified-in-motorcycle-crash-on-10-19-2022/,
https://bouldercounty.gov/news/71-year-old-identified-from-ward-incident-on-09-14-2024/,
https://bouldercounty.gov/news/77-year-old-longmont-man-found-on-09-15-2021/,
https://bouldercounty.gov/news/82-year-old-identified-from-pearl-street-incident-on-06-01-2025/,
https://bouldercounty.gov/news/a-commitment-to-boulder-countys-values/,
https://bouldercounty.gov/news/a-commitment-to-value-respect-and-support-all-individuals/,
https://bouldercounty.gov/news/a-deceased-male-location-in-the-area-of-the-3rd-flatiron/,
https://bouldercounty.gov/news/a-year-end-message-from-the-boulder-county-commissioners/,
https://bouldercounty.gov/news/affordable-housing-and-open-space-ballot-measures-set-for-november-election/,
https://bouldercounty.gov/news/air-commission-strengthens-oil-and-gas-leak-repair-requirements-but-fails-to-ensure-colorado-will-meet-its-climate-goals/,
https://bouldercounty.gov/news/an-end-of-year-message-from-the-boulder-county-commissioners/,
https://bouldercounty.gov/news/apparent-suicide-at-the-boulder-county-jail/,
https://bouldercounty.gov/news/apply-for-east-county-position-on-the-emergency-services-grant-program-advisory-committee/,
https://bouldercounty.gov/news/arrest-made-in-high-end-jewelry-theft/,
https://bouldercounty.gov/news/arrests-made-in-homicide-in-northern-boulder-county/,
https://bouldercounty.gov/news/attempted-armed-carjacking-on-flaggstaff/,
https://bouldercounty.gov/news/aviation-collision-in-longmont-on-09-17-2022/,
https://bouldercounty.gov/news/barn-fire/,
https://bouldercounty.gov/news/benito-chavez-perez-boulder-county-jail-mug-shot/,
https://bouldercounty.gov/news/bicyclist-identified-from-boulder-incident-on-08-12-2023/,
https://bouldercounty.gov/news/boulder-county-accepting-research-proposals-for-small-grants-6/,
https://bouldercounty.gov/news/boulder-county-adopts-strongest-set-of-regulations-on-oil-and-gas-development-in-the-state-of-colorado/,
https://bouldercounty.gov/news/boulder-county-and-city-of-boulder-team-up-to-assess-business-equity/,
https://bouldercounty.gov/news/boulder-county-and-partners-honor-veterans-in-november-county-offices-closed-friday-nov-10/,
https://bouldercounty.gov/news/boulder-county-announces-2023-pinnacle-award-winners/,
https://bouldercounty.gov/news/boulder-county-awarding-3-9-million-to-local-organizations-serving-people-with-disabilities/,
https://bouldercounty.gov/news/boulder-county-awards-sustainability-grants-to-local-communities-5/,
https://bouldercounty.gov/news/boulder-county-awards-sustainability-grants-to-local-communities-6/,
https://bouldercounty.gov/news/boulder-county-awards-sustainability-grants-to-local-communities-7/,
https://bouldercounty.gov/news/boulder-county-breaks-ground-on-new-alternative-sentencing-facility-2/,
https://bouldercounty.gov/news/boulder-county-celebrates-the-opening-of-the-joe-pelle-center-honoring-leadership-and-a-commitment-to-community-based-justice/,
https://bouldercounty.gov/news/boulder-county-clerk-recorders-office-releases-public-accountability-services-report/,
https://bouldercounty.gov/news/boulder-county-commissioners-applaud-governor-polis-signing-of-oil-and-gas-legislation-sb-181/,
https://bouldercounty.gov/news/boulder-county-commissioners-extend-oil-and-gas-moratorium-in-order-to-complete-review-of-new-regulations/,
https://bouldercounty.gov/news/boulder-county-commissioners-extend-oil-and-gas-moratorium-to-july-31-2020/,
https://bouldercounty.gov/news/boulder-county-commissioners-launch-update-of-the-countys-oil-gas-regulations-per-passage-of-senate-bill-181/,
https://bouldercounty.gov/news/boulder-county-commissioners-respond-to-350-colorados-ballot-issue-proposal-to-ban-fracking/,
https://bouldercounty.gov/news/boulder-county-commissioners-to-consider-oil-and-gas-moratorium-extension-at-virtual-public-hearing-on-july-14/,
https://bouldercounty.gov/news/boulder-county-commissioners-to-examine-proposal-against-threat-of-forced-pooling/,
https://bouldercounty.gov/news/boulder-county-commissioners-unanimously-support-initiative-97-to-increase-setback-requirements-for-oil-and-gas-development/,
https://bouldercounty.gov/news/boulder-county-courthouse-a-national-symbol-for-lgbtq-equality-designated-national-historic-landmark-status/,
https://bouldercounty.gov/news/boulder-county-draft-oil-and-gas-regulations-available-for-public-review/,
https://bouldercounty.gov/news/boulder-county-election-night-beyond-webinar-2/,
https://bouldercounty.gov/news/boulder-county-election-night-beyond-webinar/,
https://bouldercounty.gov/news/boulder-county-elections-ballot-processing-tours-2/,
https://bouldercounty.gov/news/boulder-county-elections-ballot-processing-tours-in-person-ballot-processing-tours-and-online-webinar-scheduled/,
https://bouldercounty.gov/news/boulder-county-elections-ballot-processing-tours-online-presentation/,
https://bouldercounty.gov/news/boulder-county-elections-ballot-processing-tours/,
https://bouldercounty.gov/news/boulder-county-elections-celebrates-high-school-student-voter-registration-awareness-week-in-bvsd-and-svvsd-high-schools/,
https://bouldercounty.gov/news/boulder-county-elections-celebrates-student-voter-registration-awareness-week-in-bvsd-and-svvsd-high-schools-2/,
https://bouldercounty.gov/news/boulder-county-elections-continues-vote-early-day-partnerships-holding-four-events-on-october-28/,
https://bouldercounty.gov/news/boulder-county-elections-expands-vote-early-day-partnerships-to-hold-events-with-four-organizations-on-october-29/,
https://bouldercounty.gov/news/boulder-county-elections-partners-with-all-roads-shelter-to-hold-voter-registration-and-information-event-on-tuesday-october-7/,
https://bouldercounty.gov/news/boulder-county-elections-partners-with-the-center-for-people-with-disabilities-to-hold-an-early-voting-event-on-tuesday-june-18/,
https://bouldercounty.gov/news/boulder-county-elections-partners-with-the-center-for-people-with-disabilities-to-hold-an-early-voting-event-on-wednesday-october-23/,
https://bouldercounty.gov/news/boulder-county-elections-to-conduct-candidate-lot-drawing-for-2024-general-election/,
https://bouldercounty.gov/news/boulder-county-elections-to-host-webinar-on-election-night-activities-and-post-election-ballot-processing-information/,
https://bouldercounty.gov/news/boulder-county-elections-urges-voters-to-check-mail-ballot-status-if-not-already-signed-up-for-ballottrax/,
https://bouldercounty.gov/news/boulder-county-employees-recognized-with-awards-for-excellence-in-service-to-the-community/,
https://bouldercounty.gov/news/boulder-county-equipment-testing-completed-for-november-election-2/,
https://bouldercounty.gov/news/boulder-county-equipment-testing-completed-for-the-june-statewide-primary-election/,
https://bouldercounty.gov/news/boulder-county-equipment-testing-completed-for-the-presidential-primary-election/,
https://bouldercounty.gov/news/boulder-county-equipment-testing-successfully-completed-for-november-election/,
https://bouldercounty.gov/news/boulder-county-government-announces-weather-related-closures/,
https://bouldercounty.gov/news/boulder-county-government-holiday-closures-2/,
https://bouldercounty.gov/news/boulder-county-government-holiday-closures/,
https://bouldercounty.gov/news/boulder-county-health-coverage-guides-are-here-to-help/,
https://bouldercounty.gov/news/boulder-county-launches-500000-fund-for-bold-housing-solutions/,
https://bouldercounty.gov/news/boulder-county-launches-rebuilding-better-website-for-marshall-fire-impacted-residents/,
https://bouldercounty.gov/news/boulder-county-not-yet-eligible-for-state-covid-19-5-star-certification-program/,
https://bouldercounty.gov/news/boulder-county-offices-closed-for-veterans-day-nov-11/,
https://bouldercounty.gov/news/boulder-county-parks-foundation-funds-volunteer-naturalist-center-renovation/,
https://bouldercounty.gov/news/boulder-county-planning-commission-agenda-for-dec-20-2023/,
https://bouldercounty.gov/news/boulder-county-planning-commission-agenda-for-oct-15-2025/,
https://bouldercounty.gov/news/boulder-county-public-health-is-urging-caution-due-to-fake-pills-containing-fentanyl-circulating-in-the-state/,
https://bouldercounty.gov/news/boulder-county-public-health-to-launch-newly-designed-covid-19-data-dashboard/,
https://bouldercounty.gov/news/boulder-county-purchases-office-building-to-enhance-energy-efficiency-and-greater-public-access/,
https://bouldercounty.gov/news/boulder-county-raises-concerns-about-oil-and-gas-development-plans-submitted-to-the-cogcc/,
https://bouldercounty.gov/news/boulder-county-releases-2024-oil-and-gas-year-end-report/,
https://bouldercounty.gov/news/boulder-county-releases-2nd-draft-of-updated-oil-and-gas-regulations-for-public-review/,
https://bouldercounty.gov/news/boulder-county-resident-wanted-in-animal-cruelty-case/,
https://bouldercounty.gov/news/boulder-county-responds-to-threat-to-protected-land-in-weld-county/,
https://bouldercounty.gov/news/boulder-county-revises-schedule-for-review-of-new-oil-and-gas-regulations/,
https://bouldercounty.gov/news/boulder-county-seeks-community-input-to-inform-transit-plan/,
https://bouldercounty.gov/news/boulder-county-seeks-support-from-cogcc-to-suspend-drilling-activity-by-extraction-oil-gas-inc/,
https://bouldercounty.gov/news/boulder-county-sheriff-appoints-a-new-undersheriff-carey-weinheimer/,
https://bouldercounty.gov/news/boulder-county-sheriffs-office-accepting-applications-for-upcoming-community-academy-3/,
https://bouldercounty.gov/news/boulder-county-sheriffs-office-accepting-applications-for-upcoming-community-academy/,
https://bouldercounty.gov/news/boulder-county-sheriffs-office-and-coroners-office-host-trunk-or-treat-event/,
https://bouldercounty.gov/news/boulder-county-sheriffs-office-and-coroners-office-host-trunk-or-treat/,
https://bouldercounty.gov/news/boulder-county-sheriffs-office-assists-in-search-and-rescue-of-missing-9-year-old-child/,
https://bouldercounty.gov/news/boulder-county-sheriffs-office-cadet-post-celebrates-50th-anniversary/,
https://bouldercounty.gov/news/boulder-county-sheriffs-office-celebrates-25-years-of-restorative-justice-program/,
https://bouldercounty.gov/news/boulder-county-sheriffs-office-community-academy-accepting-applications-2/,
https://bouldercounty.gov/news/boulder-county-sheriffs-office-investigating-suspicious-death-west-of-jamestown/,
https://bouldercounty.gov/news/boulder-county-sheriffs-office-launches-enhanced-jail-daily-booking-and-listing-reports-web-page/,
https://bouldercounty.gov/news/boulder-county-sheriffs-office-launches-new-online-reporting-system-available-to-the-public/,
https://bouldercounty.gov/news/boulder-county-sheriffs-office-reminds-community-about-dirt-bike-and-e-bike-safety/,
https://bouldercounty.gov/news/boulder-county-sheriffs-office-seeks-public-assistance-in-locating-fugitive/,
https://bouldercounty.gov/news/boulder-county-shifts-to-new-meeting-management-system/,
https://bouldercounty.gov/news/boulder-county-solar-co-op-reopens-after-record-demand/,
https://bouldercounty.gov/news/boulder-county-to-screen-insurance-companies-for-investments-in-clean-energy-vs-fossil-fuels/,
https://bouldercounty.gov/news/boulder-county-to-test-a-four-day-work-week-pilot-program-for-some-services/,
https://bouldercounty.gov/news/boulder-county-to-test-ballots-and-equipment-for-upcoming-election-2/,
https://bouldercounty.gov/news/boulder-county-to-test-ballots-and-equipment-for-upcoming-election-3/,
https://bouldercounty.gov/news/boulder-county-to-test-ballots-and-equipment-for-upcoming-election-4/,
https://bouldercounty.gov/news/boulder-county-to-test-ballots-and-equipment-for-upcoming-election-5/,
https://bouldercounty.gov/news/boulder-county-voters-approve-affordable-housing-open-space-and-nederland-ecopass-ballot-measures/,
https://bouldercounty.gov/news/boulder-county-wildfire-mitigation-grants-open-for-applications/,
https://bouldercounty.gov/news/boulder-countys-2024-general-election-audit-and-canvass-open-to-the-public/,
https://bouldercounty.gov/news/boulder-countys-election-audit-and-canvass-open-to-the-public-3/,
https://bouldercounty.gov/news/boulder-countys-election-audit-and-canvass-open-to-the-public-4/,
https://bouldercounty.gov/news/boulder-fatal-collision-on-11-27-2021/,
https://bouldercounty.gov/news/boulder-resident-evacuated-from-ncar-water-tank-area/,
https://bouldercounty.gov/news/boulder-shelter-for-the-homeless-to-receive-additional-900k-from-boulder-county/,
https://bouldercounty.gov/news/cabin-fire-near-allenspark/,
https://bouldercounty.gov/news/casa-de-la-esperanza-opens-up-affordable-housing-to-more-families/,
https://bouldercounty.gov/news/cases-of-covid-19-drastically-increasing-in-boulder-county-ahead-of-holiday-season/,
https://bouldercounty.gov/news/cause-and-manner-of-death-released-in-case-involving-18-year-old-megan-trussell/,
https://bouldercounty.gov/news/celebration-of-mobility-heroes-and-public-transportation-advocates-who-help-advance-transportation-equity-in-boulder-county-2/,
https://bouldercounty.gov/news/child-wellness-safety-day/,
https://bouldercounty.gov/news/climber-rescued-after-fall-on-stairway-to-heaven/,
https://bouldercounty.gov/news/climber-sustains-injuries-after-35-foot-fall-in-eldorado-canyon-state-park/,
https://bouldercounty.gov/news/climber-sustains-life-threatening-injuries-after-a-70-foot-fall-in-eldorado-canyon-state-park/,
https://bouldercounty.gov/news/climbers-rescued-off-the-redgarden-wall-in-eldorado-state-park/,
https://bouldercounty.gov/news/co-119-diagonal-highway-safety-mobility-and-bikeway-project-construction-update/,
https://bouldercounty.gov/news/co-119-fatal-collision-on-10-22-2022/,
https://bouldercounty.gov/news/cogcc-may-2019-crestone-cdp-hearing-suspended/,
https://bouldercounty.gov/news/cogcc-mill-levy-rulemaking/,
https://bouldercounty.gov/news/colorado-supreme-court-advances-historic-climate-accountability-case-against-exxonmobil-and-suncor/,
https://bouldercounty.gov/news/commissioners-enact-emergency-temporary-moratorium-on-the-accepting-and-processing-of-new-oil-and-gas-development-applications-and-seismic-testing-in-unincorporated-boulder-county/,
https://bouldercounty.gov/news/commissioners-issue-proclamation-declaring-a-climate-emergency/,
https://bouldercounty.gov/news/commissioners-message-boulder-countys-oil-and-gas-regulatory-efforts/,
https://bouldercounty.gov/news/commissioners-reaffirm-funding-commitments-during-county-budget-process/,
https://bouldercounty.gov/news/commissioners-reaffirm-temporary-moratorium-on-oil-gas-development/,
https://bouldercounty.gov/news/community-warned-of-stolen-wyoming-vehicle-titles/,
https://bouldercounty.gov/news/conclusion-of-investigation-into-the-death-of-megan-trussell/,
https://bouldercounty.gov/news/coronavirus-impacted-small-businesses-in-boulder-county-eligible-for-ppe-cleaning-supplies-and-to-go-food-containers/,
https://bouldercounty.gov/news/coroner-jeff-martin-announces-launch-of-new-data-dashboard/,
https://bouldercounty.gov/news/coroner-news-release-webpage/,
https://bouldercounty.gov/news/coroner-news-release/,
https://bouldercounty.gov/news/coroners-office-community-engagement-event-oct-3-2024/,
https://bouldercounty.gov/news/correction-boulder-county-dedicates-1-1-million-in-funds-toward-lafayette-mobile-home-park-purchase/,
https://bouldercounty.gov/news/correction-wildfire-partners-offers-wildfire-mitigation-training-for-boulder-county-realtors/,
https://bouldercounty.gov/news/correction-willoughby-corner-open-house-planned-for-january-16-from-2-6-p-m/,
https://bouldercounty.gov/news/county-commissioners-to-consider-oil-and-gas-2020-moratorium-extension/,
https://bouldercounty.gov/news/county-lawsuit-against-8-north-llc-goes-forward/,
https://bouldercounty.gov/news/county-staff-updates-commissioners-on-progress-of-oil-and-gas-regulations/,
https://bouldercounty.gov/news/covid-19-testing-site-at-stazio-ball-fields-to-close-in-january/,
https://bouldercounty.gov/news/crestone-drilling-proposal-postponed-indefinitely/,
https://bouldercounty.gov/news/deadline-for-boulder-county-use-tax-rebate-extended-to-jan-31-2025/,
https://bouldercounty.gov/news/deadline-for-small-businesses-to-apply-for-supplies-is-dec-16/,
https://bouldercounty.gov/news/deceased-male-found-at-boulder-community-health-campus-in-superior/,
https://bouldercounty.gov/news/deceased-male-located-in-chautauqua-meadow/,
https://bouldercounty.gov/news/deceased-person-from-april-15-incident-identified/,
https://bouldercounty.gov/news/december-2023-mobility-and-access-coalition-mac-agenda-and-newsletter/,
https://bouldercounty.gov/news/denverite-involved-in-paraglider-accident/,
https://bouldercounty.gov/news/dirtbike-rider-injured-in-area-of-pierson-park/,
https://bouldercounty.gov/news/district-attorneys-office-recognized-with-award-from-the-national-association-of-counties-naco-for-hate-crimes-efforts/,
https://bouldercounty.gov/news/district-attorneys-office-trial-team-honored-with-outstanding-trial-team-achievement-award-for-work-on-king-soopers-case/,
https://bouldercounty.gov/news/domestic-violence-suspect-apprehended-after-fleeing-from-assault-in-eldorado-springs/,
https://bouldercounty.gov/news/dream-canyon-search-and-rescue/,
https://bouldercounty.gov/news/due-to-covid-19-board-of-county-commissioners-vacates-schedule-for-review-of-proposed-oil-and-gas-regulations/,
https://bouldercounty.gov/news/eldora-ski-area-collision-on-11-30-2021/,
https://bouldercounty.gov/news/eldora-ski-area-death-on-12-07-2021-2/,
https://bouldercounty.gov/news/eldora-ski-area-death-on-12-07-2021/,
https://bouldercounty.gov/news/emerging-drug-information-nitazenes/,
https://bouldercounty.gov/news/epa-proposed-changes-to-oil-and-gas-emission-limits-will-harm-health-and-climate/,
https://bouldercounty.gov/news/extraction-oil-gas-inc-seeks-to-lease-boulder-county-owned-minerals/,
https://bouldercounty.gov/news/extraction-oil-gas-inc-suspends-blue-paintbrush-drilling-plans/,
https://bouldercounty.gov/news/fallen-climber-with-head-injury-rescued-at-the-dome-climbing-formation/,
https://bouldercounty.gov/news/family-home-damaged-by-fire-in-superior/,
https://bouldercounty.gov/news/federal-government-shutdown-november-snap-food-assistance-benefits-on-hold/,
https://bouldercounty.gov/news/federal-government-shutdown-wic-snap-tanf-and-housing-choice-vouchers/,
https://bouldercounty.gov/news/final-niwot-nrcd-i-alley-traffic-study-outcomes-and-recommended-design-guidelines/,
https://bouldercounty.gov/news/fire-crews-respond-to-small-grass-fire-north-of-boulder/,
https://bouldercounty.gov/news/fire-damages-home-in-paragon-estates/,
https://bouldercounty.gov/news/fire-damages-home-north-of-longmont/,
https://bouldercounty.gov/news/fire-destroys-barn-in-south-boulder-county/,
https://bouldercounty.gov/news/fire-destroys-detached-garage-outside-nederland/,
https://bouldercounty.gov/news/fire-districts-in-boulder-county-can-apply-for-1-7-million-in-emergency-services-grants/,
https://bouldercounty.gov/news/fire-restrictions-rescinded-for-western-boulder-county/,
https://bouldercounty.gov/news/firefighters-quickly-extinguish-second-wildland-fire-overnight-in-boulder-county/,
https://bouldercounty.gov/news/fires-at-the-abandoned-sugar-mill-in-boulder-county-co/,
https://bouldercounty.gov/news/first-affordable-and-attainable-housing-tax-funds-awarded-in-lafayette/,
https://bouldercounty.gov/news/flagstaff-road-fatal-collision-on-10-29-2021/,
https://bouldercounty.gov/news/free-gun-safe-giveaway-event-october-18-2025/,
https://bouldercounty.gov/news/grass-fire-extinguished-near-state-highway-287-phillips-road/,
https://bouldercounty.gov/news/ground-fire-in-boulder-county-colorado/,
https://bouldercounty.gov/news/hauling-region-changes-increase-residential-access-to-curbside-compost-collection/,
https://bouldercounty.gov/news/help-for-you-and-your-family-this-holiday-season/,
https://bouldercounty.gov/news/hiker-identified-from-rocky-mountain-national-park-incident-on-08-12-2023/,
https://bouldercounty.gov/news/hiker-injured-in-fall-from-bear-canyon-trail/,
https://bouldercounty.gov/news/hiker-lost-overnight-at-walker-ranch-open-space-sunday-into-monday/,
https://bouldercounty.gov/news/hiker-on-chautauqua-trail-collapses/,
https://bouldercounty.gov/news/hiker-sustains-a-minor-ankle-injury-on-the-lions-lair-trail/,
https://bouldercounty.gov/news/hiker-takes-20-foot-fall-west-of-boulder/,
https://bouldercounty.gov/news/homeless-solutions-for-boulder-county-hsbc-releases-report-on-findings-from-their-system-evaluation/,
https://bouldercounty.gov/news/homicide-victim-found-on-blue-mountain-road-identified-and-suspect-arrested/,
https://bouldercounty.gov/news/horse-rescued-after-becoming-stuck-in-mud/,
https://bouldercounty.gov/news/horseback-rider-sustains-injuries-after-being-thrown-off-horse-on-open-space-trail/,
https://bouldercounty.gov/news/how-to-get-co-119-diagonal-highway-safety-mobility-and-bikeway-project-construction-updates/,
https://bouldercounty.gov/news/human-remains-found-near-state-highway-93-state-highway-128/,
https://bouldercounty.gov/news/human-remains-found-near-the-1000-block-of-blue-mountain-road-in-unincorporated-boulder-county/,
https://bouldercounty.gov/news/identification-of-longmont-man-from-main-street-incident-on-10-25-2021/,
https://bouldercounty.gov/news/identification-of-pedestrian-involved-in-a-motor-vehicle-collision-on-08-30-2022/,
https://bouldercounty.gov/news/identification-update-stone-canyon-fire/,
https://bouldercounty.gov/news/increased-demand-for-covid-19-testing-leads-to-long-wait-times-in-boulder-county/,
https://bouldercounty.gov/news/individuals-identified-from-aircraft-mishap-in-unincorporated-boulder-county-on-05-17-2025/,
https://bouldercounty.gov/news/injured-hiker-rescued-at-chautauqua-open-space-in-boulder-county-colorado/,
https://bouldercounty.gov/news/injury-motorcycle-accident/,
https://bouldercounty.gov/news/inmate-dies-after-suffering-from-an-apparent-medical-issue/,
https://bouldercounty.gov/news/inmate-dies-at-the-boulder-county-jail/,
https://bouldercounty.gov/news/introducing-boulder-countys-new-housing-human-services-director-robert-williams/,
https://bouldercounty.gov/news/investigation-of-structure-fire-on-wolf-tongue-court-in-nederland/,
https://bouldercounty.gov/news/investigation-update-on-the-marshall-fire/,
https://bouldercounty.gov/news/jan-11-community-meeting-on-rebuilding-in-unincorporated-boulder-county-after-the-marshall-fire/,
https://bouldercounty.gov/news/jan-7-county-commissioners-public-hearing-on-us-287-vision-zero-safety-mobility-study/,
https://bouldercounty.gov/news/jan-8-board-of-review-public-hearing-on-docket-borc-24-0001-building-code-update-and-amendments/,
https://bouldercounty.gov/news/joint-study-session-on-telecommunications-planning-topics/,
https://bouldercounty.gov/news/longmont-fatal-collision-on-10-28-2021/,
https://bouldercounty.gov/news/longmont-man-arrested-for-sexual-exploitation-of-a-child/,
https://bouldercounty.gov/news/lost-hiker-rescued/,
https://bouldercounty.gov/news/louisville-officer-involved-incident-on-10-23-2022/,
https://bouldercounty.gov/news/man-dies-after-falling-from-second-flatiron/,
https://bouldercounty.gov/news/man-rescued-after-significant-fall-at-the-sugar-mill/,
https://bouldercounty.gov/news/may-6-and-8-open-houses-to-showcase-affordable-below-market-rate-homes-available-in-eastern-boulder-county/,
https://bouldercounty.gov/news/metro-public-health-coalition-urges-caution-during-the-winter-holiday-season/,
https://bouldercounty.gov/news/minimum-wage-to-rise-to-25-hour-by-2030-in-unincorporated-boulder-county/,
https://bouldercounty.gov/news/missing-82-year-old-found-safe-at-brainard-lake-recreation-area-after-being-missing-overnight/,
https://bouldercounty.gov/news/missing-female-from-boulder-located/,
https://bouldercounty.gov/news/missing-hiker-found-on-goshawk-trail/,
https://bouldercounty.gov/news/motor-vehicle-accident-resulting-in-fatality/,
https://bouldercounty.gov/news/motor-vehicle-collision-in-boulder-on-09-14-2022/,
https://bouldercounty.gov/news/motor-vehicle-collision-in-longmont-on-08-03-2022/,
https://bouldercounty.gov/news/motor-vehicle-collision-in-longmont-on-09-28-2022/,
https://bouldercounty.gov/news/motor-vehicle-collision-in-longmont-on-09-29-2022/,
https://bouldercounty.gov/news/motor-vehicle-incident-in-boulder-on-09-27-2024/,
https://bouldercounty.gov/news/motor-vehicle-incident-in-boulder-on-10-06-2024/,
https://bouldercounty.gov/news/motor-vehicle-incident-in-lafayette-on-05-05-2025/,
https://bouldercounty.gov/news/motor-vehicle-incident-in-louisville-on-08-24-2023/,
https://bouldercounty.gov/news/motor-vehicle-incident-on-highway-119-on-07-29-2023/,
https://bouldercounty.gov/news/motor-vehicle-incident-on-south-st-vrain-drive-on-06-15-2025/,
https://bouldercounty.gov/news/motor-vehicle-self-service-vehicle-registration-renewal-kiosk-moving-from-clerk-recorder-boulder-office-lobby-to-more-accessible-king-soopers-location/,
https://bouldercounty.gov/news/motorcycle-incident-in-jamestown-on-07-29-2023/,
https://bouldercounty.gov/news/motorcyclist-identified-from-boulder-incident-on-08-03-2023/,
https://bouldercounty.gov/news/motorcyclist-identified-from-boulder-incident-on-08-12-2023/,
https://bouldercounty.gov/news/multiple-agencies-respond-to-structure-fire-on-tilghman-road/,
https://bouldercounty.gov/news/multiple-aircraft-collided-over-boulder-county/,
https://bouldercounty.gov/news/natural-gas-causes-courts-to-evacuate/,
https://bouldercounty.gov/news/new-division-of-homeless-systems-and-coordinated-response/,
https://bouldercounty.gov/news/new-food-truck-grant-program-aims-to-boost-sustainability-and-cut-pollution/,
https://bouldercounty.gov/news/new-legislation-protects-county-owned-minerals/,
https://bouldercounty.gov/news/new-neighborhood-of-affordable-homes-breaks-ground-in-lafayette/,
https://bouldercounty.gov/news/new-study-finds-acute-health-impacts-exist-up-to-2000-feet-from-oil-and-gas-operations/,
https://bouldercounty.gov/news/newly-installed-outdoor-warning-sirens-to-be-tested/,
https://bouldercounty.gov/news/niwot-man-identified-from-09-27-2021/,
https://bouldercounty.gov/news/northglenn-man-arrested-for-unlawful-sexual-contact-by-force-and-impersonating-a-public-servant/,
https://bouldercounty.gov/news/nov-29-open-house-for-boulder-county-wildfire-mitigation-and-emergency-services-ballot-measures/,
https://bouldercounty.gov/news/november-is-native-american-heritage-month/,
https://bouldercounty.gov/news/october-2025-mobility-and-access-coalition-mac-newsletter/,
https://bouldercounty.gov/news/office-involved-incident-in-lafayette-on-11-08-2022/,
https://bouldercounty.gov/news/official-results-for-2024-presidential-primary-election-posted-following-successful-risk-limiting-audit/,
https://bouldercounty.gov/news/official-results-for-2024-statewide-primary-election-posted-following-successful-risk-limiting-audit/,
https://bouldercounty.gov/news/official-results-for-the-2024-general-election-posted-following-successful-risk-limiting-audit/,
https://bouldercounty.gov/news/oil-gas-drilling-plans-halted-on-contested-boulder-county-conservation-easement/,
https://bouldercounty.gov/news/oil-gas-update-court-upholds-cogcc-decisions-on-8-north-llc/,
https://bouldercounty.gov/news/online-survey-open-for-wildfire-mitigation-and-emergency-services-ballot-measures/,
https://bouldercounty.gov/news/outpatient-healthcare-workers-encouraged-to-complete-survey-to-receive-covid-19-vaccine-in-phase-i/,
https://bouldercounty.gov/news/package-theft-is-on-the-rise/,
https://bouldercounty.gov/news/partial-reopening-of-marshall-fire-evacuation-area-residents-only/,
https://bouldercounty.gov/news/person-found-near-eben-g-fine-park-identified/,
https://bouldercounty.gov/news/personal-identifying-information-of-some-boulder-county-jail-inmates-accidently-released/,
https://bouldercounty.gov/news/popular-home-solar-group-buy-program-switch-together-now-back-for-a-limited-time/,
https://bouldercounty.gov/news/prescribed-burn-window-for-hall-ranch-begins-monday-oct-13/,
https://bouldercounty.gov/news/prescribed-burn-window-for-hall-ranch-begins-tuesday-jan-3/,
https://bouldercounty.gov/news/prescribed-burns-near-superior-to-be-rescheduled/,
https://bouldercounty.gov/news/prescribed-burns-planned-for-tuesday-dec-17-near-superior/,
https://bouldercounty.gov/news/prescribed-burns-scheduled-for-this-fall-and-winter-on-boulder-county-open-space-lands/,
https://bouldercounty.gov/news/prescribed-burns-scheduled-near-superior-beginning-wednesday-oct-8/,
https://bouldercounty.gov/news/prescribed-burns-still-planned-for-tuesday-dec-17-near-superior/,
https://bouldercounty.gov/news/press-conference-scheduled-at-the-boulder-county-sheriffs-office/,
https://bouldercounty.gov/news/press-release-ballot-initiative-to-fund-the-colorado-crime-victim-services-and-behavioral-health-crisis-response/,
https://bouldercounty.gov/news/press-release-charges-filed-in-vehicular-fatality-involving-pedestrian/,
https://bouldercounty.gov/news/press-release-grand-jury-indictment-benjamin-harmon/,
https://bouldercounty.gov/news/press-release-grand-jury-indictment-motor-vehicle-thefts/,
https://bouldercounty.gov/news/press-release-marshall-fire-class-action-settlement/,
https://bouldercounty.gov/news/project-teams-coordinating-to-minimize-impacts-travel-delays-on-and-near-colorado-highway-119-diagonal-highway/,
https://bouldercounty.gov/news/public-health-advisory-for-boulder-county-2/,
https://bouldercounty.gov/news/recreating-in-changing-weather-conditions/,
https://bouldercounty.gov/news/reduced-building-permit-fees-for-rebuilding-after-the-cal-wood-and-marshall-fires/,
https://bouldercounty.gov/news/registration-open-for-nov-9-2020-planning-commission-virtual-public-hearing-on-oil-gas-regulations/,
https://bouldercounty.gov/news/rescue-in-eldorado-state-park-boulder-county-colorado/,
https://bouldercounty.gov/news/road-rage-shooting-leads-to-arrest-and-search-warrant/,
https://bouldercounty.gov/news/scrambler-falls-from-second-flatiron/,
https://bouldercounty.gov/news/scrambler-rescued-from-the-fifth-flatiron/,
https://bouldercounty.gov/news/search-warrant-executed-after-threats-made-online/,
https://bouldercounty.gov/news/search-warrant-operations-metro-area-oct-22-2025/,
https://bouldercounty.gov/news/share-feedback-on-boulder-countys-local-minimum-wage/,
https://bouldercounty.gov/news/sheriffs-office-investigating-attempted-homicide/,
https://bouldercounty.gov/news/sheriffs-office-launches-operation-safe-commute-to-enhance-road-safety-in-boulder-county/,
https://bouldercounty.gov/news/sheriffs-office-needs-public-help-to-identify-suspects-involved-in-shooting/,
https://bouldercounty.gov/news/sheriffs-office-seeks-information-on-smash-and-grab-burglaries-at-gas-station/,
https://bouldercounty.gov/news/short-pursuit-of-a-stolen-vehicle-ends-in-crash-near-ken-pratt-blvd-3rd-ave/,
https://bouldercounty.gov/news/siren-upgrade-takes-place-throughout-boulder-county/,
https://bouldercounty.gov/news/skier-dies-after-collision-with-tree-at-eldora-ski-area/,
https://bouldercounty.gov/news/skier-dies-following-collision-at-eldora-ski-area/,
https://bouldercounty.gov/news/slash-pile-burning-scheduled-for-this-winter-at-hall-ranch-when-conditions-allow/,
https://bouldercounty.gov/news/small-grass-fire-near-south-boulder-rd-and-cherryvale-rd-boulder-county-colorado/,
https://bouldercounty.gov/news/small-grass-fire-on-flagstaff-road-in-boulder-county/,
https://bouldercounty.gov/news/small-grass-fire-started-by-a-vehicle-fire-in-the-2100-block-of-magnolia-rd/,
https://bouldercounty.gov/news/small-wildfire-in-boulder-county-contained-by-firefighters/,
https://bouldercounty.gov/news/snowboarder-rescued-from-skyscraper-glacier-north-of-rollins-pass/,
https://bouldercounty.gov/news/st-vrain-community-hub-officially-the-first-leed-platinum-building-in-longmont/,
https://bouldercounty.gov/news/staff-report-available-on-proposed-updates-related-to-short-term-dwelling-and-vacation-rentals/,
https://bouldercounty.gov/news/stage-1-fire-restrictions-begin-november-30-clarified/,
https://bouldercounty.gov/news/stage-1-fire-restrictions-effective-november-30-2021/,
https://bouldercounty.gov/news/stage-1-fire-restrictions-rescinded-for-western-unincorporated-boulder-county-2/,
https://bouldercounty.gov/news/stage-1-fire-restrictions-rescinded-for-western-unincorporated-boulder-county/,
https://bouldercounty.gov/news/stage-1-fire-restrictions-to-be-rescinded-for-western-unincorporated-boulder-county/,
https://bouldercounty.gov/news/state-funded-small-business-covid-19-grant-relief-program-to-start-in-2021/,
https://bouldercounty.gov/news/statement-from-sheriff-joe-pelle-on-the-sentencing-of-two-former-deputies/,
https://bouldercounty.gov/news/statements-on-crestone-8-north-oil-and-gas-court-rulings/,
https://bouldercounty.gov/news/string-of-burglaries-in-boulder-county/,
https://bouldercounty.gov/news/structure-fire-2/,
https://bouldercounty.gov/news/structure-fire-at-caribou-village-shopping-center-in-nederland-2/,
https://bouldercounty.gov/news/structure-fire-at-caribou-village-shopping-center-in-nederland/,
https://bouldercounty.gov/news/structure-fire-in-superior-colorado-2/,
https://bouldercounty.gov/news/structure-fire-in-the-5000-blk-of-flagstaff-road/,
https://bouldercounty.gov/news/structure-fire-in-the-town-of-lyons/,
https://bouldercounty.gov/news/structure-fire-on-lookout-road/,
https://bouldercounty.gov/news/structure-fire-on-n-66th-street/,
https://bouldercounty.gov/news/structure-fire/,
https://bouldercounty.gov/news/susana-lopez-baker-to-lead-the-boulder-county-housing-authority-bcha-and-housing-department/,
https://bouldercounty.gov/news/suspect-arrested-after-barricading-himself-in-a-residence-on-rock-creek-parkway-in-superior/,
https://bouldercounty.gov/news/suspect-arrested-after-crime-spree/,
https://bouldercounty.gov/news/suspect-arrested-for-july-18-armed-robbery-in-lyons/,
https://bouldercounty.gov/news/suspect-arrested-in-u-s-36-road-rage-shooting-near-superior/,
https://bouldercounty.gov/news/suspicious-bags-found-outside-costco-in-superior/,
https://bouldercounty.gov/news/technical-rescue-on-the-mount-sanitas-trail-in-boulder-county-co/,
https://bouldercounty.gov/news/toolkit-integrating-nature-into-urban-planning-now-available/,
https://bouldercounty.gov/news/two-suspects-arrested-after-firing-multiple-rounds-from-moving-vehicle-in-unincorporated-boulder-county/,
https://bouldercounty.gov/news/two-wildland-fires-extinguished/,
https://bouldercounty.gov/news/unattended-death-at-south-sourdough-trailhead/,
https://bouldercounty.gov/news/unattended-death-near-overland-road-in-unincorporated-boulder-county/,
https://bouldercounty.gov/news/update-1-boulder-county-sheriffs-office-investigating-suspicious-death-west-of-jamestown/,
https://bouldercounty.gov/news/update-1-caribou-village-shopping-center-fire/,
https://bouldercounty.gov/news/update-1-deceased-male-located-in-the-area-of-the-3rd-flatiron/,
https://bouldercounty.gov/news/update-1-search-warrant-operations-metro-area-oct-22/,
https://bouldercounty.gov/news/update-2-bcso-investigating-suspicious-death-west-of-jamestown/,
https://bouldercounty.gov/news/update-2-search-warrant-operations-metro-area-oct-22/,
https://bouldercounty.gov/news/update-aviation-collision-in-longmont-on-09-17-2022-2/,
https://bouldercounty.gov/news/update-aviation-collision-in-longmont-on-09-17-2022/,
https://bouldercounty.gov/news/update-motor-vehicle-collision-08-03-2022/,
https://bouldercounty.gov/news/update-on-portico-lane-attempted-murder-investigation/,
https://bouldercounty.gov/news/update-on-space-heaters-partial-reopening-of-marshall-fire-evacuation-area-residents-only/,
https://bouldercounty.gov/news/update-on-the-stone-canyon-fire/,
https://bouldercounty.gov/news/update-public-asked-for-assistance-in-identifying-stabbing-suspect-2/,
https://bouldercounty.gov/news/update-public-asked-for-assistance-in-identifying-stabbing-suspect/,
https://bouldercounty.gov/news/update-search-warrant-executed-after-threats-made-online/,
https://bouldercounty.gov/news/voter-approved-affordable-and-attainable-housing-tax-to-go-towards-development-housing-supportive-services-grant-funding/,
https://bouldercounty.gov/news/water-quality-dashboard-now-available-for-boulder-st-vrain-watershed/,
https://bouldercounty.gov/news/wild-land-fire/,
https://bouldercounty.gov/news/wildfire-partners-reaches-milestone-achievement-in-2000th-wildfire-mitigation-assessment/,
https://bouldercounty.gov/news/wildfire-partners-teams-up-with-mile-high-youth-corps-to-help-allenspark-homeowners-with-wildfire-mitigation/,
https://bouldercounty.gov/news/wildland-fire-near-the-8400-block-of-arapahoe-road/,
https://bouldercounty.gov/news/willoughby-corner-opens-with-192-affordable-homes/,
https://bouldercounty.gov/news/willoughby-corner-receives-approvals-to-begin-first-phase-construction/,
https://bouldercounty.gov/news/winter-child-wellness-and-safety-day-december-8/,
https://bouldercounty.gov/news/winter-child-wellness-and-safety-day/,
https://bouldercounty.gov/news/world-suicide-prevention-day/,
https://bouldercounty.gov/open-space/,
https://bouldercounty.gov/open-space/activities/,
https://bouldercounty.gov/open-space/activities/artist-in-residence/,
https://bouldercounty.gov/open-space/activities/calendar/,
https://bouldercounty.gov/open-space/activities/dogs/,
https://bouldercounty.gov/open-space/activities/fishing/,
https://bouldercounty.gov/open-space/activities/hiking/,
https://bouldercounty.gov/open-space/activities/horses/,
https://bouldercounty.gov/open-space/activities/mountain-biking/,
https://bouldercounty.gov/open-space/activities/permits/,
https://bouldercounty.gov/open-space/activities/picnic-shelters/,
https://bouldercounty.gov/open-space/activities/rock-climbing/,
https://bouldercounty.gov/open-space/activities/skiing-and-snowshoeing/,
https://bouldercounty.gov/open-space/education/,
https://bouldercounty.gov/open-space/education/agricultural-heritage-center-virtual-field-trip/,
https://bouldercounty.gov/open-space/education/altona-schoolhouse/,
https://bouldercounty.gov/open-space/education/csu-extension/,
https://bouldercounty.gov/open-space/education/cultural-history-corner/,
https://bouldercounty.gov/open-space/education/field-guides-and-brochures/,
https://bouldercounty.gov/open-space/education/field-trip-and-program-requests/,
https://bouldercounty.gov/open-space/education/hard-rock-mining-tour/,
https://bouldercounty.gov/open-space/education/images-magazine/,
https://bouldercounty.gov/open-space/education/lichen-loop-virtual-hike/,
https://bouldercounty.gov/open-space/education/museums/agricultural-heritage-center/,
https://bouldercounty.gov/open-space/education/museums/assay-office/,
https://bouldercounty.gov/open-space/education/museums/nederland-mining-museum/,
https://bouldercounty.gov/open-space/education/nature-detectives/,
https://bouldercounty.gov/open-space/education/nederland-mining-museum-virtual-field-trip/,
https://bouldercounty.gov/open-space/education/research/,
https://bouldercounty.gov/open-space/education/stories-in-the-sky/,
https://bouldercounty.gov/open-space/education/walker-ranch-virtual-field-trip/,
https://bouldercounty.gov/open-space/fairgrounds,
https://bouldercounty.gov/open-space/fairgrounds/,
https://bouldercounty.gov/open-space/fairgrounds/calendar,
https://bouldercounty.gov/open-space/fairgrounds/calendar/,
https://bouldercounty.gov/open-space/fairgrounds/campground/,
https://bouldercounty.gov/open-space/fairgrounds/fairgrounds-master-plan/,
https://bouldercounty.gov/open-space/get-involved/,
https://bouldercounty.gov/open-space/get-involved/custom-group-volunteer-projects/,
https://bouldercounty.gov/open-space/get-involved/email-updates/,
https://bouldercounty.gov/open-space/get-involved/foundation/,
https://bouldercounty.gov/open-space/get-involved/left-hand-outdoor-challenge/,
https://bouldercounty.gov/open-space/get-involved/partnership-program/,
https://bouldercounty.gov/open-space/management/,
https://bouldercounty.gov/open-space/management/acquisitions/,
https://bouldercounty.gov/open-space/management/acres/,
https://bouldercounty.gov/open-space/management/agriculture/,
https://bouldercounty.gov/open-space/management/annual-reports/,
https://bouldercounty.gov/open-space/management/conservation-easements/,
https://bouldercounty.gov/open-space/management/cultural-responsiveness-inclusion-strategic-plan/,
https://bouldercounty.gov/open-space/management/ditch-wildfire-mitigation-program/,
https://bouldercounty.gov/open-space/management/drone-policy/,
https://bouldercounty.gov/open-space/management/e-bikes/,
https://bouldercounty.gov/open-space/management/elk,
https://bouldercounty.gov/open-space/management/flood-recovery-projects/,
https://bouldercounty.gov/open-space/management/forestry/,
https://bouldercounty.gov/open-space/management/heil-valley-ranch-cal-wood-fire-recovery/,
https://bouldercounty.gov/open-space/management/improvement-projects/,
https://bouldercounty.gov/open-space/management/land-conservation-awards/,
https://bouldercounty.gov/open-space/management/lyons-quarry-reclamation/,
https://bouldercounty.gov/open-space/management/middle-boulder-creek/,
https://bouldercounty.gov/open-space/management/osprey-camera/,
https://bouldercounty.gov/open-space/management/plans-and-policies/,
https://bouldercounty.gov/open-space/management/prairie-dogs/,
https://bouldercounty.gov/open-space/management/prescribed-burns/,
https://bouldercounty.gov/open-space/management/prince-lake/,
https://bouldercounty.gov/open-space/management/sales-tax-funding-sources/,
https://bouldercounty.gov/open-space/management/south-st-vrain-creek-restoration-project/,
https://bouldercounty.gov/open-space/management/species-conservation-recovery-plans/,
https://bouldercounty.gov/open-space/management/st-vrain-creek-restoration-reach-3-phase-2/,
https://bouldercounty.gov/open-space/management/us36-wildlife-crossings/,
https://bouldercounty.gov/open-space/management/weeds/,
https://bouldercounty.gov/open-space/management/wildlife/,
https://bouldercounty.gov/open-space/maps/,
https://bouldercounty.gov/open-space/maps/interactive-map/,
https://bouldercounty.gov/open-space/maps/pdf-maps/,
https://bouldercounty.gov/open-space/parks-and-trails/,
https://bouldercounty.gov/open-space/parks-and-trails/accessibility/,
https://bouldercounty.gov/open-space/parks-and-trails/anne-u-white-trail/,
https://bouldercounty.gov/open-space/parks-and-trails/bald-mountain/,
https://bouldercounty.gov/open-space/parks-and-trails/betasso-preserve/,
https://bouldercounty.gov/open-space/parks-and-trails/boulder-canyon-trail/,
https://bouldercounty.gov/open-space/parks-and-trails/caribou-ranch/,
https://bouldercounty.gov/open-space/parks-and-trails/carolyn-holmberg-preserve-rock-creek-farm/,
https://bouldercounty.gov/open-space/parks-and-trails/coal-creek-trail/,
https://bouldercounty.gov/open-space/parks-and-trails/coalton-trailhead/,
https://bouldercounty.gov/open-space/parks-and-trails/dodd-reservoir/,
https://bouldercounty.gov/open-space/parks-and-trails/flagg-park/,
https://bouldercounty.gov/open-space/parks-and-trails/hall-ranch/,
https://bouldercounty.gov/open-space/parks-and-trails/harney-lastoka/,
https://bouldercounty.gov/open-space/parks-and-trails/heil-valley-ranch/,
https://bouldercounty.gov/open-space/parks-and-trails/hessie-trailhead/,
https://bouldercounty.gov/open-space/parks-and-trails/kinglet-trail/,
https://bouldercounty.gov/open-space/parks-and-trails/lagerman,
https://bouldercounty.gov/open-space/parks-and-trails/legion-park/,
https://bouldercounty.gov/open-space/parks-and-trails/live-trailhead-cameras/,
https://bouldercounty.gov/open-space/parks-and-trails/lobo-trail/,
https://bouldercounty.gov/open-space/parks-and-trails/mud-lake/,
https://bouldercounty.gov/open-space/parks-and-trails/niwot-trails/,
https://bouldercounty.gov/open-space/parks-and-trails/park-trail-hours/,
https://bouldercounty.gov/open-space/parks-and-trails/pella-crossing/,
https://bouldercounty.gov/open-space/parks-and-trails/regulations,
https://bouldercounty.gov/open-space/parks-and-trails/regulations/,
https://bouldercounty.gov/open-space/parks-and-trails/reynolds-ranch/,
https://bouldercounty.gov/open-space/parks-and-trails/rock-creek-trail/,
https://bouldercounty.gov/open-space/parks-and-trails/ron-stewart-preserve-rabbit-mountain/,
https://bouldercounty.gov/open-space/parks-and-trails/trail-closures,
https://bouldercounty.gov/open-space/parks-and-trails/trail-closures/,
https://bouldercounty.gov/open-space/parks-and-trails/trail-conditions/,
https://bouldercounty.gov/open-space/parks-and-trails/twin-lakes/,
https://bouldercounty.gov/open-space/parks-and-trails/walden-ponds-wildlife-habitat/,
https://bouldercounty.gov/open-space/parks-and-trails/walker-ranch/,
https://bouldercounty.gov/organizer/board-of-county-commissioners/,
https://bouldercounty.gov/organizer/community-planning-permitting/,
https://bouldercounty.gov/privacy-policy/,
https://bouldercounty.gov/property-and-land/,
https://bouldercounty.gov/property-and-land/assessor/,
https://bouldercounty.gov/property-and-land/assessor/agricultural-valuation/,
https://bouldercounty.gov/property-and-land/assessor/appeals/,
https://bouldercounty.gov/property-and-land/assessor/appeals/abatement/,
https://bouldercounty.gov/property-and-land/assessor/appeals/calendar/,
https://bouldercounty.gov/property-and-land/assessor/appeals/locations/,
https://bouldercounty.gov/property-and-land/assessor/appeals/nod-glossary,
https://bouldercounty.gov/property-and-land/assessor/appeals/proceso-de-apelacion/,
https://bouldercounty.gov/property-and-land/assessor/assessment/,
https://bouldercounty.gov/property-and-land/assessor/assessment/abstracts/,
https://bouldercounty.gov/property-and-land/assessor/assessment/calendar/,
https://bouldercounty.gov/property-and-land/assessor/assessment/mass-appraisal/,
https://bouldercounty.gov/property-and-land/assessor/assessment/mill-levies-taxing-districts/,
https://bouldercounty.gov/property-and-land/assessor/assessment/nov/,
https://bouldercounty.gov/property-and-land/assessor/assessment/tax-calculation/,
https://bouldercounty.gov/property-and-land/assessor/assessment/valuation/,
https://bouldercounty.gov/property-and-land/assessor/assessor-a-z/,
https://bouldercounty.gov/property-and-land/assessor/business-personal-property/,
https://bouldercounty.gov/property-and-land/assessor/business-personal-property/asset-lists/,
https://bouldercounty.gov/property-and-land/assessor/business-personal-property/asset-lists/declarations-online-faq/,
https://bouldercounty.gov/property-and-land/assessor/business-personal-property/bpp-appeals/,
https://bouldercounty.gov/property-and-land/assessor/certifications/,
https://bouldercounty.gov/property-and-land/assessor/data-download/,
https://bouldercounty.gov/property-and-land/assessor/forms/,
https://bouldercounty.gov/property-and-land/assessor/income-and-expense/,
https://bouldercounty.gov/property-and-land/assessor/mobile-homes/,
https://bouldercounty.gov/property-and-land/assessor/mobile-homes/faq/,
https://bouldercounty.gov/property-and-land/assessor/possessory-interest/,
https://bouldercounty.gov/property-and-land/assessor/sales/,
https://bouldercounty.gov/property-and-land/assessor/sales/codes-and-descriptions/,
https://bouldercounty.gov/property-and-land/assessor/sales/comps-2021/,
https://bouldercounty.gov/property-and-land/assessor/sales/comps-2023/,
https://bouldercounty.gov/property-and-land/assessor/sales/comps-2025/,
https://bouldercounty.gov/property-and-land/assessor/sales/comps-2025/nonresidential/,
https://bouldercounty.gov/property-and-land/assessor/sales/comps-2025/residential/,
https://bouldercounty.gov/property-and-land/assessor/sales/recent/,
https://bouldercounty.gov/property-and-land/assessor/sales/sorting/,
https://bouldercounty.gov/property-and-land/assessor/senior-exemption/,
https://bouldercounty.gov/property-and-land/assessor/senior-exemption/senior-primary-residence/,
https://bouldercounty.gov/property-and-land/assessor/special-property-types/,
https://bouldercounty.gov/property-and-land/assessor/tax-calculation/,
https://bouldercounty.gov/property-and-land/assessor/veteran-exemption/,
https://bouldercounty.gov/property-and-land/forest-health/,
https://bouldercounty.gov/property-and-land/forest-health/community-forestry-sort-yards/,
https://bouldercounty.gov/property-and-land/geographic-information-systems/,
https://bouldercounty.gov/property-and-land/geographic-information-systems/land-use-systems-team/,
https://bouldercounty.gov/property-and-land/geographic-information-systems/plats-maps/,
https://bouldercounty.gov/property-and-land/land-use/,
https://bouldercounty.gov/property-and-land/land-use/building/,
https://bouldercounty.gov/property-and-land/land-use/building/ask-a-building-official/,
https://bouldercounty.gov/property-and-land/land-use/building/board-of-review/,
https://bouldercounty.gov/property-and-land/land-use/building/building-code-amendments/,
https://bouldercounty.gov/property-and-land/land-use/building/building-inspections/,
https://bouldercounty.gov/property-and-land/land-use/building/building-permit-fees/,
https://bouldercounty.gov/property-and-land/land-use/building/building-permit-search-statistics/,
https://bouldercounty.gov/property-and-land/land-use/building/building-permits/,
https://bouldercounty.gov/property-and-land/land-use/building/building-publications/,
https://bouldercounty.gov/property-and-land/land-use/building/building-publications/b46-solar-photovoltaic-systems-checklist/,
https://bouldercounty.gov/property-and-land/land-use/building/building-safety-inspection-services/,
https://bouldercounty.gov/property-and-land/land-use/building/buildsmart/,
https://bouldercounty.gov/property-and-land/land-use/building/contractor-licensing/,
https://bouldercounty.gov/property-and-land/land-use/building/ezbp-building-permits/,
https://bouldercounty.gov/property-and-land/land-use/building/fire-code-review-committee/,
https://bouldercounty.gov/property-and-land/land-use/building/frequently-asked-questions/,
https://bouldercounty.gov/property-and-land/land-use/building/licensed-building-contractors/,
https://bouldercounty.gov/property-and-land/land-use/building/marshall-fire-rebuilding/,
https://bouldercounty.gov/property-and-land/land-use/building/municipal-contacts/,
https://bouldercounty.gov/property-and-land/land-use/calendar/,
https://bouldercounty.gov/property-and-land/land-use/historic-preservation/,
https://bouldercounty.gov/property-and-land/land-use/noxious-weeds/,
https://bouldercounty.gov/property-and-land/land-use/planning/,
https://bouldercounty.gov/property-and-land/land-use/planning/ask-a-planner/,
https://bouldercounty.gov/property-and-land/land-use/planning/boulder-county-comprehensive-plan/,
https://bouldercounty.gov/property-and-land/land-use/planning/boulder-county-comprehensive-plan/update/,
https://bouldercounty.gov/property-and-land/land-use/planning/bvcp-2015-boulder-valley-comprehensive-plan-update/,
https://bouldercounty.gov/property-and-land/land-use/planning/development-applications-under-review/,
https://bouldercounty.gov/property-and-land/land-use/planning/exemption-plat-review-ep/,
https://bouldercounty.gov/property-and-land/land-use/planning/frequently-asked-questions/,
https://bouldercounty.gov/property-and-land/land-use/planning/intergovernmental-agreements-iga/,
https://bouldercounty.gov/property-and-land/land-use/planning/land-use-code-update/,
https://bouldercounty.gov/property-and-land/land-use/planning/land-use-code-update/dc-18-0004/,
https://bouldercounty.gov/property-and-land/land-use/planning/land-use-code-update/dc-19-0001/,
https://bouldercounty.gov/property-and-land/land-use/planning/land-use-code-update/dc-19-0002/,
https://bouldercounty.gov/property-and-land/land-use/planning/land-use-code-update/dc-19-0005/,
https://bouldercounty.gov/property-and-land/land-use/planning/land-use-code-update/dc-23-0001/,
https://bouldercounty.gov/property-and-land/land-use/planning/land-use-code/,
https://bouldercounty.gov/property-and-land/land-use/planning/mountain-addressing/,
https://bouldercounty.gov/property-and-land/land-use/planning/oil-gas-development/,
https://bouldercounty.gov/property-and-land/land-use/planning/oil-gas-development/history/,
https://bouldercounty.gov/property-and-land/land-use/planning/oil-gas-development/multi-pronged-approach/,
https://bouldercounty.gov/property-and-land/land-use/planning/planning-publications/,
https://bouldercounty.gov/property-and-land/land-use/planning/planning-publications/p04-planning-review-fee-schedule/,
https://bouldercounty.gov/property-and-land/land-use/planning/planning-publications/p04-planning-review-fee-schedule/,
https://bouldercounty.gov/property-and-land/land-use/planning/revegetation/,
https://bouldercounty.gov/property-and-land/land-use/planning/review/land-use-planning-review-processes/,
https://bouldercounty.gov/property-and-land/land-use/planning/review/site-plan-review-spr/,
https://bouldercounty.gov/property-and-land/land-use/planning/review/subdivision-exemption-review-se/,
https://bouldercounty.gov/property-and-land/land-use/planning/townsite-planning-initiative/,
https://bouldercounty.gov/property-and-land/land-use/planning/transferable-development-credits-tdc/,
https://bouldercounty.gov/property-and-land/land-use/planning/what-is-planning/,
https://bouldercounty.gov/property-and-land/land-use/residential-marijuana-cultivation-and-processing/,
https://bouldercounty.gov/property-and-land/land-use/search-records/,
https://bouldercounty.gov/property-and-land/land-use/zoning/,
https://bouldercounty.gov/property-and-land/land-use/zoning/land-use-code/,
https://bouldercounty.gov/property-and-land/land-use/zoning/land-use-code/common-land-use-code-violations/,
https://bouldercounty.gov/property-and-land/land-use/zoning/land-use-code/compliance-frequently-asked-questions/,
https://bouldercounty.gov/property-and-land/land-use/zoning/land-use-code/county-zoning/,
https://bouldercounty.gov/property-and-land/land-use/zoning/land-use-code/enforcement/,
https://bouldercounty.gov/property-and-land/land-use/zoning/land-use-code/report-land-use-code-violation/,
https://bouldercounty.gov/property-and-land/public-trustee/,
https://bouldercounty.gov/property-and-land/surveyor/,
https://bouldercounty.gov/property-and-land/surveyor/,
https://bouldercounty.gov/property-and-land/surveyor/control-networks/,
https://bouldercounty.gov/property-and-land/surveyor/online-land-survey-deposit-form/,
https://bouldercounty.gov/property-and-land/treasurer/,
https://bouldercounty.gov/property-and-land/treasurer/taxes/,
https://bouldercounty.gov/property-and-land/treasurer/taxes/change-address/,
https://bouldercounty.gov/property-and-land/treasurer/taxes/due-dates/,
https://bouldercounty.gov/property-and-land/treasurer/taxes/e-payments/,
https://bouldercounty.gov/property-and-land/treasurer/taxes/prepayment-faq/,
https://bouldercounty.gov/property-and-land/treasurer/taxes/property-tax-deferral/active-military/,
https://bouldercounty.gov/property-and-land/treasurer/taxes/property-tax-deferral/senior,
https://bouldercounty.gov/property-and-land/treasurer/taxes/property-tax-deferral/senior/,
https://bouldercounty.gov/property-and-land/treasurer/taxes/tax-lien-sale/,
https://bouldercounty.gov/property-and-land/treasurer/taxes/treasurers-deeds/,
https://bouldercounty.gov/recording,
https://bouldercounty.gov/records/,
https://bouldercounty.gov/records/colorado-open-records-act/,
https://bouldercounty.gov/records/foreclosures/,
https://bouldercounty.gov/records/licenses/,
https://bouldercounty.gov/records/licenses/food-handler-training/,
https://bouldercounty.gov/records/licenses/food-safety-and-temporary-events/,
https://bouldercounty.gov/records/licenses/haccp/,
https://bouldercounty.gov/records/licenses/liquor/,
https://bouldercounty.gov/records/licenses/marijuana-licensing/,
https://bouldercounty.gov/records/licenses/marriages-and-civil-unions/,
https://bouldercounty.gov/records/licenses/marriages-and-civil-unions/absentee-affidavit-instructions/,
https://bouldercounty.gov/records/licenses/marriages-and-civil-unions/apply-for-civil-union-license/,
https://bouldercounty.gov/records/licenses/marriages-and-civil-unions/apply-for-marriage-license/,
https://bouldercounty.gov/records/licenses/marriages-and-civil-unions/judges-who-marry/,
https://bouldercounty.gov/records/licenses/marriages-and-civil-unions/name-change/,
https://bouldercounty.gov/records/licenses/restaurant-and-food-vendor-licensing/,
https://bouldercounty.gov/records/licenses/restaurant-and-vendor-licensing-fees/,
https://bouldercounty.gov/records/licenses/tools-for-restaurant-managers/,
https://bouldercounty.gov/records/motor-vehicle/,
https://bouldercounty.gov/records/motor-vehicle/additional-motor-vehicle-resources/,
https://bouldercounty.gov/records/motor-vehicle/additional-motor-vehicle-resources/fees-and-taxes/,
https://bouldercounty.gov/records/motor-vehicle/additional-motor-vehicle-resources/statistics/,
https://bouldercounty.gov/records/motor-vehicle/appointment/,
https://bouldercounty.gov/records/motor-vehicle/buying-and-selling-a-vehicle/,
https://bouldercounty.gov/records/motor-vehicle/colorado-license-plates/,
https://bouldercounty.gov/records/motor-vehicle/disability-parking/,
https://bouldercounty.gov/records/motor-vehicle/driver-licenses/,
https://bouldercounty.gov/records/motor-vehicle/drop-boxes/,
https://bouldercounty.gov/records/motor-vehicle/emissions-testing-requirements/,
https://bouldercounty.gov/records/motor-vehicle/frequently-asked-questions/,
https://bouldercounty.gov/records/motor-vehicle/keep-colorado-wild-pass/,
https://bouldercounty.gov/records/motor-vehicle/motor-vehicle-information-for-spanish-speakers/,
https://bouldercounty.gov/records/motor-vehicle/motor-vehicle-online-services/,
https://bouldercounty.gov/records/motor-vehicle/new-resident-registration/,
https://bouldercounty.gov/records/motor-vehicle/online-contact-form-in-spanish/,
https://bouldercounty.gov/records/motor-vehicle/online-contact-form/,
https://bouldercounty.gov/records/motor-vehicle/renew-registration/,
https://bouldercounty.gov/records/motor-vehicle/renew-registration/kiosk/,
https://bouldercounty.gov/records/motor-vehicle/selling-a-vehicle/,
https://bouldercounty.gov/records/motor-vehicle/titles/,
https://bouldercounty.gov/records/motor-vehicle/vehicle-registrations/,
https://bouldercounty.gov/records/permits/,
https://bouldercounty.gov/records/permits/asbestos-demolition-permitting/,
https://bouldercounty.gov/records/public/,
https://bouldercounty.gov/records/public/birth-certificates/,
https://bouldercounty.gov/records/public/death-certificates/,
https://bouldercounty.gov/records/public/requesting-copies/,
https://bouldercounty.gov/records/public/veterans-services-military-records/,
https://bouldercounty.gov/records/recording/,
https://bouldercounty.gov/records/recording/documents/,
https://bouldercounty.gov/records/recording/drop-boxes/,
https://bouldercounty.gov/records/recording/fees/,
https://bouldercounty.gov/records/recording/frequently-asked-questions/,
https://bouldercounty.gov/records/recording/mineral-rights/,
https://bouldercounty.gov/records/recording/propertyalert/,
https://bouldercounty.gov/records/recording/recorded-document-statistics/,
https://bouldercounty.gov/records/recording/search-public-records/,
https://bouldercounty.gov/safety/,
https://bouldercounty.gov/safety/animals/,
https://bouldercounty.gov/safety/animals/animal-control/,
https://bouldercounty.gov/safety/animals/animal-protection/,
https://bouldercounty.gov/safety/animals/how-to-dispose-of-a-dead-animal/,
https://bouldercounty.gov/safety/community-justice-services/,
https://bouldercounty.gov/safety/community-justice-services/alternative-sentencing-facility/alternative-sentencing-facility-mission/,
https://bouldercounty.gov/safety/community-justice-services/behavioral-health-assistance-program/,
https://bouldercounty.gov/safety/community-justice-services/cjs-best/,
https://bouldercounty.gov/safety/community-justice-services/community-corrections/,
https://bouldercounty.gov/safety/community-justice-services/community-service-sentencing/,
https://bouldercounty.gov/safety/community-justice-services/community-service-sentencing/approved-work-sites/,
https://bouldercounty.gov/safety/community-justice-services/community-service-sentencing/caring-crafts/,
https://bouldercounty.gov/safety/community-justice-services/community-service-sentencing/community-service-frequently-asked-questions/,
https://bouldercounty.gov/safety/community-justice-services/comprehensive-opioid-abuse-program/,
https://bouldercounty.gov/safety/community-justice-services/jail-behavioral-health-teams/,
https://bouldercounty.gov/safety/community-justice-services/jail-education-and-transition/,
https://bouldercounty.gov/safety/community-justice-services/pretrial/,
https://bouldercounty.gov/safety/court-related-services/,
https://bouldercounty.gov/safety/court-related-services/bond-commissioners/,
https://bouldercounty.gov/safety/court-related-services/county-court-division/,
https://bouldercounty.gov/safety/court-related-services/discovery-unit/,
https://bouldercounty.gov/safety/court-related-services/district-court-division/,
https://bouldercounty.gov/safety/court-related-services/family-navigator/,
https://bouldercounty.gov/safety/court-related-services/juvenile-services/,
https://bouldercounty.gov/safety/court-related-services/juvenile-services/juvenile-prosecution-division/,
https://bouldercounty.gov/safety/court-related-services/violations-of-community-based-sentences/,
https://bouldercounty.gov/safety/crisis/,
https://bouldercounty.gov/safety/data/,
https://bouldercounty.gov/safety/data/sex-offender-registry/,
https://bouldercounty.gov/safety/data/sexually-violent-predator/,
https://bouldercounty.gov/safety/emergency/,
https://bouldercounty.gov/safety/emergency/emergency-management-program/,
https://bouldercounty.gov/safety/fire/,
https://bouldercounty.gov/safety/fire/alternatives-to-burning/,
https://bouldercounty.gov/safety/fire/burn-permits/,
https://bouldercounty.gov/safety/fire/burning-safely/,
https://bouldercounty.gov/safety/fire/fire-bans/,
https://bouldercounty.gov/safety/fire/fire-restrictions/,
https://bouldercounty.gov/safety/fire/safe-cleanup-of-wildfire-ash/,
https://bouldercounty.gov/safety/firearms/,
https://bouldercounty.gov/safety/firearms/concealed-handgun-permit/,
https://bouldercounty.gov/safety/firearms/firearms-instructor-program/,
https://bouldercounty.gov/safety/firearms/home-safety-and-firearms/,
https://bouldercounty.gov/safety/jail/,
https://bouldercounty.gov/safety/jail/alternative-sentence-2/,
https://bouldercounty.gov/safety/jail/alternative-sentence/,
https://bouldercounty.gov/safety/jail/booking-and-bond-definitions/,
https://bouldercounty.gov/safety/jail/boulder-county-jail/,
https://bouldercounty.gov/safety/jail/contact-us/,
https://bouldercounty.gov/safety/jail/court-transport/,
https://bouldercounty.gov/safety/jail/frequently-asked-questions/,
https://bouldercounty.gov/safety/jail/history-of-the-jail/,
https://bouldercounty.gov/safety/jail/listing-and-booking-reports/,
https://bouldercounty.gov/safety/jail/prison-rape-elimination-act/,
https://bouldercounty.gov/safety/jail/programs/,
https://bouldercounty.gov/safety/jail/programs/health/,
https://bouldercounty.gov/safety/jail/visitation/,
https://bouldercounty.gov/safety/report-a-concern/,
https://bouldercounty.gov/safety/sheriff,
https://bouldercounty.gov/safety/sheriff/,
https://bouldercounty.gov/safety/sheriff/blue-envelope-program/,
https://bouldercounty.gov/safety/sheriff/civil/,
https://bouldercounty.gov/safety/sheriff/civil/civil-service-balance-dues/,
https://bouldercounty.gov/safety/sheriff/communications/,
https://bouldercounty.gov/safety/sheriff/equity/,
https://bouldercounty.gov/safety/sheriff/fallen-officer-fund/,
https://bouldercounty.gov/safety/sheriff/join-our-team/,
https://bouldercounty.gov/safety/sheriff/join-our-team/cadet-post-500/,
https://bouldercounty.gov/safety/sheriff/join-our-team/community-academy/,
https://bouldercounty.gov/safety/sheriff/join-our-team/reserve-unit/,
https://bouldercounty.gov/safety/sheriff/law/,
https://bouldercounty.gov/safety/sheriff/law/bomb-squad/,
https://bouldercounty.gov/safety/sheriff/law/drug-task-force/,
https://bouldercounty.gov/safety/sheriff/law/emergency-services/,
https://bouldercounty.gov/safety/sheriff/law/fire-management/,
https://bouldercounty.gov/safety/sheriff/law/k9-unit/,
https://bouldercounty.gov/safety/sheriff/law/operations/,
https://bouldercounty.gov/safety/sheriff/law/special-weapons-and-tactics/,
https://bouldercounty.gov/safety/sheriff/news-and-information/,
https://bouldercounty.gov/safety/sheriff/news-and-information/documents-of-interest/,
https://bouldercounty.gov/safety/sheriff/news-and-information/news,
https://bouldercounty.gov/safety/sheriff/news-and-information/news/,
https://bouldercounty.gov/safety/sheriff/no-firearm-discharge-areas/,
https://bouldercounty.gov/safety/sheriff/records/,
https://bouldercounty.gov/safety/sheriff/records/requests/,
https://bouldercounty.gov/safety/sheriff/records/traffic-summons/,
https://bouldercounty.gov/safety/sheriff/safety-tips/,
https://bouldercounty.gov/safety/sheriff/services/,
https://bouldercounty.gov/safety/sheriff/services/ride-along/,
https://bouldercounty.gov/safety/sheriff/services/shoulder-patches/,
https://bouldercounty.gov/safety/victim/,
https://bouldercounty.gov/safety/victim/community-protection/,
https://bouldercounty.gov/safety/victim/restitution-unit/,
https://bouldercounty.gov/safety/victim/restorative-justice/,
https://bouldercounty.gov/safety/victim/restorative-justice/community-assistance-mediation-program/,
https://bouldercounty.gov/safety/victim/restorative-justice/community-assistance-mediation-program/%3Ca%20href=,
https://bouldercounty.gov/safety/victim/restorative-justice/get-involved/,
https://bouldercounty.gov/safety/victim/restorative-justice/victim-impact-facilitator/,
https://bouldercounty.gov/safety/victim/restorative-justice/what-is-restorative-justice/,
https://bouldercounty.gov/safety/victim/victim-assistance/,
https://bouldercounty.gov/safety/victim/victim-compensation/,
https://bouldercounty.gov/safety/victim/witness-assistance-program/,
https://bouldercounty.gov/series/ballot-processing-center-tours/,
https://bouldercounty.gov/series/boulder-county-commissioners-monthly-public-comment-hybrid/,
https://bouldercounty.gov/series/niwot-local-improvement-district-advisory-committee-nlidac-meeting/,
https://bouldercounty.gov/sexual-health/,
https://bouldercounty.gov/sheriff/,
https://bouldercounty.gov/traffic-safety-laws/,
https://bouldercounty.gov/transportation/,
https://bouldercounty.gov/transportation/building-services/,
https://bouldercounty.gov/transportation/building-services/28th-street-hub-2/,
https://bouldercounty.gov/transportation/closures-and-construction/,
https://bouldercounty.gov/transportation/ditches/,
https://bouldercounty.gov/transportation/floodplain-management/,
https://bouldercounty.gov/transportation/floodplain-management/elevation-certificates/,
https://bouldercounty.gov/transportation/floodplain-management/floodplain-development/,
https://bouldercounty.gov/transportation/floodplain-management/floodplain-management-and-transportation-system-resiliency-study-and-action-plan/,
https://bouldercounty.gov/transportation/floodplain-management/floodplain-partners/,
https://bouldercounty.gov/transportation/floodplain-management/storm-drainage-criteria-manual/,
https://bouldercounty.gov/transportation/floodplain-mapping/,
https://bouldercounty.gov/transportation/maps/,
https://bouldercounty.gov/transportation/maps/bike-map/,
https://bouldercounty.gov/transportation/maps/roadmap/,
https://bouldercounty.gov/transportation/multimodal/,
https://bouldercounty.gov/transportation/multimodal/bike-n-ride/,
https://bouldercounty.gov/transportation/multimodal/bikes/,
https://bouldercounty.gov/transportation/multimodal/bikes/safe-cycling-signage/,
https://bouldercounty.gov/transportation/multimodal/bus/ecopass,
https://bouldercounty.gov/transportation/multimodal/bus/ecopass/,
https://bouldercounty.gov/transportation/multimodal/bus/sh7-brt-study/,
https://bouldercounty.gov/transportation/multimodal/lyons-taxi-voucher-program/,
https://bouldercounty.gov/transportation/multimodal/mobility-for-all/mobility-for-all-ambassador-program/,
https://bouldercounty.gov/transportation/multimodal/mobilityforall/,
https://bouldercounty.gov/transportation/multimodal/mobilityforall/calendar/,
https://bouldercounty.gov/transportation/multimodal/mobilityforall/mobility-and-access-coalition-driving-and-volunteering-opportunities/,
https://bouldercounty.gov/transportation/multimodal/mobilityforall/mobility-and-access-coalition/,
https://bouldercounty.gov/transportation/multimodal/mobilityforall/mobility-and-access-for-all-ages-and-abilities/,
https://bouldercounty.gov/transportation/multimodal/mobilityforall/mobility-for-all-mountain-driver-program/,
https://bouldercounty.gov/transportation/multimodal/mobilityforall/mobility-for-all-technology-ambassador-program/,
https://bouldercounty.gov/transportation/multimodal/mobilityforall/mobilty-for-all-loteria/,
https://bouldercounty.gov/transportation/multimodal/mobilityforall/studies-and-data/,
https://bouldercounty.gov/transportation/multimodal/mobilityforall/transportation-resources/,
https://bouldercounty.gov/transportation/multimodal/ride-free-lafayette/,
https://bouldercounty.gov/transportation/multimodal/transit-service-providers/,
https://bouldercounty.gov/transportation/multimodal/transportation-benefits-for-boulder-county-employees/,
https://bouldercounty.gov/transportation/multimodal/trip-tracker/,
https://bouldercounty.gov/transportation/multimodal/vision-zero-action-plan/,
https://bouldercounty.gov/transportation/multimodal/vision-zero/,
https://bouldercounty.gov/transportation/multimodal/youth-transportation-program/,
https://bouldercounty.gov/transportation/multimodal/youth-transportation-program/safe-routes-lending-library/,
https://bouldercounty.gov/transportation/permits/,
https://bouldercounty.gov/transportation/permits/access/,
https://bouldercounty.gov/transportation/permits/construction/,
https://bouldercounty.gov/transportation/permits/flood-control/,
https://bouldercounty.gov/transportation/permits/oversize-overweight/,
https://bouldercounty.gov/transportation/permits/right-of-way/,
https://bouldercounty.gov/transportation/permits/road-service-request/,
https://bouldercounty.gov/transportation/permits/special-events/,
https://bouldercounty.gov/transportation/permits/stormwater-quality-permit/,
https://bouldercounty.gov/transportation/plans-and-projects/,
https://bouldercounty.gov/transportation/plans-and-projects/120th-street-reconstruction/,
https://bouldercounty.gov/transportation/plans-and-projects/61st-and-valmont-intersection-safety/,
https://bouldercounty.gov/transportation/plans-and-projects/71st-street-shoulders/,
https://bouldercounty.gov/transportation/plans-and-projects/boulder-creek-path-extension/,
https://bouldercounty.gov/transportation/plans-and-projects/countywide-transportation-sales-tax/,
https://bouldercounty.gov/transportation/plans-and-projects/east-county-line-road-wcr-1-master-plan/,
https://bouldercounty.gov/transportation/plans-and-projects/eclr-quicksilver-to-pike/,
https://bouldercounty.gov/transportation/plans-and-projects/highway-119-bikeway-project/,
https://bouldercounty.gov/transportation/plans-and-projects/highway-119-first-final-mile-study/,
https://bouldercounty.gov/transportation/plans-and-projects/mountain-town-transit-feasibility/,
https://bouldercounty.gov/transportation/plans-and-projects/multimodal-standards/,
https://bouldercounty.gov/transportation/plans-and-projects/room-for-the-river/,
https://bouldercounty.gov/transportation/plans-and-projects/title-vi-plan/,
https://bouldercounty.gov/transportation/plans-and-projects/trails/,
https://bouldercounty.gov/transportation/plans-and-projects/trails/jay-road-connections-project/,
https://bouldercounty.gov/transportation/plans-and-projects/trails/north-foothills-bikeway-study/,
https://bouldercounty.gov/transportation/plans-and-projects/transportation-master-plan/,
https://bouldercounty.gov/transportation/plans-and-projects/transportation-master-plan/bicycle-level-of-stress/,
https://bouldercounty.gov/transportation/plans-and-projects/union-pacific-trail/,
https://bouldercounty.gov/transportation/road-maintenance/,
https://bouldercounty.gov/transportation/road-maintenance/adopt-a-county-road/,
https://bouldercounty.gov/transportation/road-maintenance/dead-animal-removal/,
https://bouldercounty.gov/transportation/road-maintenance/road-service-request/,
https://bouldercounty.gov/transportation/road-maintenance/traffic-signals/,
https://bouldercounty.gov/transportation/subdivision-paving/,
https://bouldercounty.gov/vacunas/,
https://bouldercounty.gov/venue/commissioners-hearing-room/,
https://bouldercounty.gov/venue/virtual-via-zoom/,
https://bouldercounty.gov/volunteer,
https://bouldercounty.gov/volunteer/,
https://bouldercounty.gov/volunteer/human-services-and-public-health/,
https://bouldercounty.gov/volunteer/justice-system-volunteer-program/,
https://bouldercounty.gov/volunteer/medical-reserve-corps/,
https://bouldercounty.gov/volunteer/opportunities/details/165041/,
https://bouldercounty.gov/volunteer/opportunities/details/academic-tutors-for-casa-de-la-esperanza-learning-center-2/,
https://bouldercounty.gov/volunteer/opportunities/details/adopt-a-county-road-program/,
https://bouldercounty.gov/volunteer/opportunities/details/adopt-a-trail/,
https://bouldercounty.gov/volunteer/opportunities/details/anger-management-facilitator-jail-clients-jet-program/,
https://bouldercounty.gov/volunteer/opportunities/details/community-protection-division-general-volunteer/,
https://bouldercounty.gov/volunteer/opportunities/details/generations-volunteer/,
https://bouldercounty.gov/volunteer/opportunities/details/healthy-food-access-driver/,
https://bouldercounty.gov/volunteer/opportunities/details/limber-pine-planting-11-8/,
https://bouldercounty.gov/volunteer/opportunities/details/medical-reserve-corps-clinical-volunteer/,
https://bouldercounty.gov/volunteer/opportunities/details/pretrial-supervision-msw-intern-unpaid/,
https://bouldercounty.gov/volunteer/opportunities/details/respite-companion-volunteer/,
https://bouldercounty.gov/volunteer/opportunities/details/victim-advocate-outreach/,
https://bouldercounty.gov/volunteer/opportunities/details/victim-witness-volunteer-advocate/,
https://bouldercounty.gov/volunteer/opportunities/details/volunteer-for-resident-services-youth-program/,
https://bouldercounty.gov/volunteer/opportunities/details/wellness-coach/,
https://bouldercounty.gov/volunteer/parks-and-open-space/,
https://bouldercounty.gov/volunteer/public-health/,
https://bouldercounty.gov/volunteer/sheriff/,